club_name,player_name,age,position,club_involved_name,fee,transfer_movement,transfer_period,fee_cleaned,league_name,year,season
FC Girondins Bordeaux,Yoann Gourcuff,22,Attacking Midfield,AC Milan,£12.15m,in,Summer,12.15,Ligue 1,2009,2009/2010
FC Girondins Bordeaux,Cédric Carrasso,27,Goalkeeper,Toulouse,£7.20m,in,Summer,7.2,Ligue 1,2009,2009/2010
FC Girondins Bordeaux,Michaël Ciani,25,Centre-Back,FC Lorient,£3.60m,in,Summer,3.6,Ligue 1,2009,2009/2010
FC Girondins Bordeaux,Jaroslav Plasil,27,Central Midfield,CA Osasuna,£2.70m,in,Summer,2.7,Ligue 1,2009,2009/2010
FC Girondins Bordeaux,Paul Lasne,20,Defensive Midfield,G. Bordeaux B,-,in,Summer,0,Ligue 1,2009,2009/2010
FC Girondins Bordeaux,Matthieu Saunier,19,Centre-Back,G. Bordeaux B,-,in,Summer,0,Ligue 1,2009,2009/2010
FC Girondins Bordeaux,Lamine Sané,22,Centre-Back,G. Bordeaux B,-,in,Summer,0,Ligue 1,2009,2009/2010
FC Girondins Bordeaux,Grzegorz Krychowiak,19,Defensive Midfield,G. Bordeaux B,-,in,Summer,0,Ligue 1,2009,2009/2010
FC Girondins Bordeaux,Abdoulaye Keita,18,Goalkeeper,G. Bordeaux B,-,in,Summer,0,Ligue 1,2009,2009/2010
FC Girondins Bordeaux,Henri Saivet,18,Attacking Midfield,G. Bordeaux B,-,in,Summer,0,Ligue 1,2009,2009/2010
FC Girondins Bordeaux,Wilfried Moimbé,20,Left-Back,Stade Reims,"End of loanJun 30, 2009",in,Summer,0,Ligue 1,2009,2009/2010
FC Girondins Bordeaux,Cheick Diabaté,21,Centre-Forward,AC Ajaccio,"End of loanJun 30, 2009",in,Summer,0,Ligue 1,2009,2009/2010
FC Girondins Bordeaux,Floyd Ayité,20,Left Winger,SCO Angers,"End of loanJun 30, 2009",in,Summer,0,Ligue 1,2009,2009/2010
FC Girondins Bordeaux,Ted Lavie,23,Right-Back,SCO Angers,"End of loanJun 30, 2009",in,Summer,0,Ligue 1,2009,2009/2010
FC Girondins Bordeaux,Gabriel Obertan,20,Attacking Midfield,FC Lorient,"End of loanJun 30, 2009",in,Summer,0,Ligue 1,2009,2009/2010
FC Girondins Bordeaux,Florian Marange,23,Left-Back,AC Le Havre,"End of loanJun 30, 2009",in,Summer,0,Ligue 1,2009,2009/2010
FC Girondins Bordeaux,Souleymane Diawara,30,Centre-Back,Marseille,£5.85m,out,Summer,5.85,Ligue 1,2009,2009/2010
FC Girondins Bordeaux,Gabriel Obertan,20,Attacking Midfield,Man Utd,£3.60m,out,Summer,3.6,Ligue 1,2009,2009/2010
FC Girondins Bordeaux,Mathieu Valverde,26,Goalkeeper,US Boulogne,£450Th.,out,Summer,0.45,Ligue 1,2009,2009/2010
FC Girondins Bordeaux,Kévin Olimpa,21,Goalkeeper,SCO Angers,Loan,out,Summer,0,Ligue 1,2009,2009/2010
FC Girondins Bordeaux,Floyd Ayité,20,Left Winger,AS Nancy,Loan,out,Summer,0,Ligue 1,2009,2009/2010
FC Girondins Bordeaux,Florian Marange,23,Left-Back,AS Nancy,Loan,out,Summer,0,Ligue 1,2009,2009/2010
FC Girondins Bordeaux,Wilfried Moimbé,20,Left-Back,AC Ajaccio,Loan,out,Summer,0,Ligue 1,2009,2009/2010
FC Girondins Bordeaux,Ted Lavie,23,Right-Back,Cannes,Free transfer,out,Summer,0,Ligue 1,2009,2009/2010
FC Girondins Bordeaux,Matthieu Saunier,19,Centre-Back,Rodez AF,Loan,out,Summer,0,Ligue 1,2009,2009/2010
FC Girondins Bordeaux,Cheick Diabaté,21,Centre-Forward,AS Nancy,Loan,out,Summer,0,Ligue 1,2009,2009/2010
FC Girondins Bordeaux,Yoann Gourcuff,22,Attacking Midfield,AC Milan,"End of loanJun 30, 2009",out,Summer,0,Ligue 1,2009,2009/2010
Montpellier HSC,Cyril Jeunechamp,33,Defensive Midfield,OGC Nice,Free transfer,in,Summer,0,Ligue 1,2009,2009/2010
Montpellier HSC,Romain Pitau,31,Defensive Midfield,FC Sochaux,Free transfer,in,Summer,0,Ligue 1,2009,2009/2010
Montpellier HSC,Geoffrey Dernis,28,Left Winger,Saint-Étienne,Free transfer,in,Summer,0,Ligue 1,2009,2009/2010
Montpellier HSC,Bengali-Fodé Koita,18,Centre-Forward,HSC Montpellier B,-,in,Summer,0,Ligue 1,2009,2009/2010
Montpellier HSC,Emir Spahic,28,Centre-Back,Without Club,-,in,Summer,0,Ligue 1,2009,2009/2010
Montpellier HSC,Rémy Cabella,19,Attacking Midfield,HSC Montpellier B,-,in,Summer,0,Ligue 1,2009,2009/2010
Montpellier HSC,Younès Belhanda,19,Attacking Midfield,HSC Montpellier U19,-,in,Summer,0,Ligue 1,2009,2009/2010
Montpellier HSC,Anthony Scribe,21,Goalkeeper,Croix de Savoie,"End of loanJun 30, 2009",in,Summer,0,Ligue 1,2009,2009/2010
Montpellier HSC,Romain Armand,22,Centre-Forward,Clermont Foot,Loan,out,Summer,0,Ligue 1,2009,2009/2010
Montpellier HSC,Anthony Lippini,20,Right-Back,Troyes,Free transfer,out,Summer,0,Ligue 1,2009,2009/2010
Montpellier HSC,Nicolas Sahnoun,28,Defensive Midfield,Racing Ferrol,Loan,out,Summer,0,Ligue 1,2009,2009/2010
Montpellier HSC,Abdelnasser Ouadah,33,Left Winger,Without Club,-,out,Summer,0,Ligue 1,2009,2009/2010
Montpellier HSC,Bruno Carotti,36,Centre-Back,Retired,-,out,Summer,0,Ligue 1,2009,2009/2010
Montpellier HSC,Jean-Philippe Sabo,22,Left-Back,Marseille,"End of loanJun 30, 2009",out,Summer,0,Ligue 1,2009,2009/2010
Montpellier HSC,Garry Bocaly,21,Right-Back,Marseille,"End of loanJun 30, 2009",out,Summer,0,Ligue 1,2009,2009/2010
Montpellier HSC,Thomas Deruda,22,Central Midfield,Marseille,"End of loanJun 30, 2009",out,Summer,0,Ligue 1,2009,2009/2010
Olympique Lyon,Lisandro López,26,Centre-Forward,FC Porto,£21.60m,in,Summer,21.6,Ligue 1,2009,2009/2010
Olympique Lyon,Michel Bastos,25,Left Midfield,LOSC Lille,£16.20m,in,Summer,16.2,Ligue 1,2009,2009/2010
Olympique Lyon,Aly Cissokho,21,Left-Back,FC Porto,£14.58m,in,Summer,14.58,Ligue 1,2009,2009/2010
Olympique Lyon,Bafétimbi Gomis,23,Centre-Forward,Saint-Étienne,£11.70m,in,Summer,11.7,Ligue 1,2009,2009/2010
Olympique Lyon,Timothée Kolodziejczak,17,Centre-Back,Lens,£2.25m,in,Summer,2.25,Ligue 1,2009,2009/2010
Olympique Lyon,Ousmane N'Diaye,17,Centre-Back,Olymp. Lyon B,-,in,Summer,0,Ligue 1,2009,2009/2010
Olympique Lyon,Ishak Belfodil,17,Centre-Forward,Olymp. Lyon U19,-,in,Summer,0,Ligue 1,2009,2009/2010
Olympique Lyon,Clément Grenier,18,Central Midfield,Olymp. Lyon B,-,in,Summer,0,Ligue 1,2009,2009/2010
Olympique Lyon,Maxime Gonalons,20,Defensive Midfield,Olymp. Lyon B,-,in,Summer,0,Ligue 1,2009,2009/2010
Olympique Lyon,Jérémy Pied,20,Right-Back,Olymp. Lyon B,-,in,Summer,0,Ligue 1,2009,2009/2010
Olympique Lyon,Alexandre Lacazette,18,Centre-Forward,Olymp. Lyon B,-,in,Summer,0,Ligue 1,2009,2009/2010
Olympique Lyon,Sandy Paillot,22,Centre-Back,Grenoble,"End of loanJun 30, 2009",in,Summer,0,Ligue 1,2009,2009/2010
Olympique Lyon,Romain Beynié,22,Defensive Midfield,AFC Tubize,"End of loanJun 30, 2009",in,Summer,0,Ligue 1,2009,2009/2010
Olympique Lyon,Anderson,29,Centre-Back,Cruzeiro,"End of loanJun 30, 2009",in,Summer,0,Ligue 1,2009,2009/2010
Olympique Lyon,Karim Benzema,21,Centre-Forward,Real Madrid,£31.50m,out,Summer,31.5,Ligue 1,2009,2009/2010
Olympique Lyon,Abdul Kader Keita,27,Right Winger,Galatasaray,£6.75m,out,Summer,6.75,Ligue 1,2009,2009/2010
Olympique Lyon,Juninho Pernambucano,34,Attacking Midfield,Al-Gharafa SC,£2.25m,out,Summer,2.25,Ligue 1,2009,2009/2010
Olympique Lyon,Anthony Mounier,21,Left Winger,OGC Nice,£2.25m,out,Summer,2.25,Ligue 1,2009,2009/2010
Olympique Lyon,Fabio Grosso,31,Left-Back,Juventus,£1.80m,out,Summer,1.8,Ligue 1,2009,2009/2010
Olympique Lyon,Sandy Paillot,22,Centre-Back,Grenoble,£1.35m,out,Summer,1.35,Ligue 1,2009,2009/2010
Olympique Lyon,John Mensah,26,Centre-Back,Sunderland,Loan fee:£1.35m,out,Summer,1.35,Ligue 1,2009,2009/2010
Olympique Lyon,Frédéric Piquionne,30,Centre-Forward,Portsmouth,Loan fee:£450Th.,out,Summer,0.45,Ligue 1,2009,2009/2010
Olympique Lyon,Jérémy Pied,20,Right-Back,FC Metz,Loan,out,Summer,0,Ligue 1,2009,2009/2010
Olympique Lyon,Timothée Kolodziejczak,17,Centre-Back,Lens,"End of loanJun 30, 2009",out,Summer,0,Ligue 1,2009,2009/2010
LOSC Lille,Gervinho,22,Left Winger,Le Mans UC 72,£5.85m,in,Summer,5.85,Ligue 1,2009,2009/2010
LOSC Lille,Mickaël Landreau,30,Goalkeeper,Paris SG,£1.44m,in,Summer,1.44,Ligue 1,2009,2009/2010
LOSC Lille,Ludovic Butelle,26,Goalkeeper,Valencia,Free transfer,in,Summer,0,Ligue 1,2009,2009/2010
LOSC Lille,Barel Mouko,30,Goalkeeper,FC Gueugnon,Free transfer,in,Summer,0,Ligue 1,2009,2009/2010
LOSC Lille,Pierre-Emerick Aubameyang,20,Centre-Forward,AC Milan,Loan,in,Summer,0,Ligue 1,2009,2009/2010
LOSC Lille,Pape Souaré,19,Left-Back,LOSC Lille B,-,in,Summer,0,Ligue 1,2009,2009/2010
LOSC Lille,Allan Kimbaloula,17,Left Midfield,LOSC Lille U19,-,in,Summer,0,Ligue 1,2009,2009/2010
LOSC Lille,Souleymane Youla,27,Centre-Forward,Eskisehirspor,"End of loanJun 30, 2009",in,Summer,0,Ligue 1,2009,2009/2010
LOSC Lille,Luis Yanes,26,Centre-Forward,Junior FC,"End of loanJun 30, 2009",in,Summer,0,Ligue 1,2009,2009/2010
LOSC Lille,Larsen Touré,24,Right Winger,Grenoble,"End of loanJun 30, 2009",in,Summer,0,Ligue 1,2009,2009/2010
LOSC Lille,Jérémy Taravel,22,Centre-Back,Zulte Waregem,"End of loanJun 30, 2009",in,Summer,0,Ligue 1,2009,2009/2010
LOSC Lille,Peter Franquart,24,Centre-Back,AC Le Havre,"End of loanJun 30, 2009",in,Summer,0,Ligue 1,2009,2009/2010
LOSC Lille,Chris Makiese,21,Centre-Forward,Zulte Waregem,"End of loanJun 30, 2009",in,Summer,0,Ligue 1,2009,2009/2010
LOSC Lille,Michel Bastos,25,Left Midfield,Olympique Lyon,£16.20m,out,Summer,16.2,Ligue 1,2009,2009/2010
LOSC Lille,Souleymane Youla,27,Centre-Forward,Eskisehirspor,£675Th.,out,Summer,0.675,Ligue 1,2009,2009/2010
LOSC Lille,Badis Lebbihi,19,Centre-Back,Zulte Waregem,Free transfer,out,Summer,0,Ligue 1,2009,2009/2010
LOSC Lille,Chris Makiese,21,Centre-Forward,Zulte Waregem,Free transfer,out,Summer,0,Ligue 1,2009,2009/2010
LOSC Lille,Grégory Tafforeau,32,Left-Back,SM Caen,Free transfer,out,Summer,0,Ligue 1,2009,2009/2010
LOSC Lille,Brian Obino,21,Attacking Midfield,Marck,Free transfer,out,Summer,0,Ligue 1,2009,2009/2010
LOSC Lille,Grégory Malicki,35,Goalkeeper,Dijon,Free transfer,out,Summer,0,Ligue 1,2009,2009/2010
LOSC Lille,Nicolas Fauvergue,24,Centre-Forward,R. Strasbourg,Loan,out,Summer,0,Ligue 1,2009,2009/2010
LOSC Lille,Cédric Baseya,21,Centre-Forward,AC Le Havre,Loan,out,Summer,0,Ligue 1,2009,2009/2010
LOSC Lille,Luis Yanes,26,Centre-Forward,Cúcuta Dep.,Free transfer,out,Summer,0,Ligue 1,2009,2009/2010
LOSC Lille,Peter Franquart,24,Centre-Back,RSC Charleroi,Loan,out,Summer,0,Ligue 1,2009,2009/2010
LOSC Lille,Jérémy Taravel,22,Centre-Back,Zulte Waregem,?,out,Summer,NA,Ligue 1,2009,2009/2010
LOSC Lille,Omar Benzerga,19,Centre-Back,LOSC Lille B,-,out,Summer,0,Ligue 1,2009,2009/2010
LOSC Lille,Ludovic Butelle,26,Goalkeeper,Valencia,"End of loanJun 30, 2009",out,Summer,0,Ligue 1,2009,2009/2010
FC Lorient,Laurent Koscielny,23,Centre-Back,Tours FC,£1.35m,in,Summer,1.35,Ligue 1,2009,2009/2010
FC Lorient,Gabriel Peñalba,24,Central Midfield,Argentinos Jrs.,£1.35m,in,Summer,1.35,Ligue 1,2009,2009/2010
FC Lorient,Franco Sosa,28,Right-Back,Racing Club,£720Th.,in,Summer,0.72,Ligue 1,2009,2009/2010
FC Lorient,Maxime Baca,26,Right-Back,AC Le Havre,Free transfer,in,Summer,0,Ligue 1,2009,2009/2010
FC Lorient,Arnold Mvuemba,24,Defensive Midfield,Portsmouth,Free transfer,in,Summer,0,Ligue 1,2009,2009/2010
FC Lorient,James Fanchone,29,Right Winger,R. Strasbourg,Free transfer,in,Summer,0,Ligue 1,2009,2009/2010
FC Lorient,Jonas Sakuwaha,26,Right Winger,ZESCO United FC,Free transfer,in,Summer,0,Ligue 1,2009,2009/2010
FC Lorient,Olivier Monterrubio,32,Left Midfield,FC Sion,Free transfer,in,Summer,0,Ligue 1,2009,2009/2010
FC Lorient,Sigamary Diarra,25,Left Midfield,Tours FC,Free transfer,in,Summer,0,Ligue 1,2009,2009/2010
FC Lorient,Maxime Barthelmé,20,Left Midfield,RC Paris,Free transfer,in,Summer,0,Ligue 1,2009,2009/2010
FC Lorient,Yaya Diané,20,Centre-Forward,Lorient B,-,in,Summer,0,Ligue 1,2009,2009/2010
FC Lorient,Alain Cantareil,25,Left-Back,AC Ajaccio,"End of loanJun 30, 2009",in,Summer,0,Ligue 1,2009,2009/2010
FC Lorient,Nicolas Marin,28,Right Midfield,SC Bastia,"End of loanJun 1, 2009",in,Summer,0,Ligue 1,2009,2009/2010
FC Lorient,Antoine Buron,25,Right Winger,Amiens SC,"End of loanJun 30, 2009",in,Summer,0,Ligue 1,2009,2009/2010
FC Lorient,Ricardo Sophie,21,Central Midfield,Louh.-Cuiseaux,"End of loanJun 30, 2009",in,Summer,0,Ligue 1,2009,2009/2010
FC Lorient,Michaël Ciani,25,Centre-Back,G. Bordeaux,£3.60m,out,Summer,3.6,Ligue 1,2009,2009/2010
FC Lorient,Christophe Jallet,25,Right-Back,Paris SG,£2.25m,out,Summer,2.25,Ligue 1,2009,2009/2010
FC Lorient,Fabrice Abriel,30,Central Midfield,Marseille,£2.25m,out,Summer,2.25,Ligue 1,2009,2009/2010
FC Lorient,Rafik Saïfi,34,Centre-Forward,Al-Khor SC,£450Th.,out,Summer,0.45,Ligue 1,2009,2009/2010
FC Lorient,Ulrich Le Pen,35,Left Midfield,Stade Lavallois,Free transfer,out,Summer,0,Ligue 1,2009,2009/2010
FC Lorient,Bertrand Robert,25,Left Winger,Panthrakikos,Free transfer,out,Summer,0,Ligue 1,2009,2009/2010
FC Lorient,Oscar Ewolo,30,Central Midfield,Stade Brest 29,Free transfer,out,Summer,0,Ligue 1,2009,2009/2010
FC Lorient,Fabien Robert,20,Left Midfield,US Boulogne,Loan,out,Summer,0,Ligue 1,2009,2009/2010
FC Lorient,Alain Cantareil,25,Left-Back,OGC Nice,Free transfer,out,Summer,0,Ligue 1,2009,2009/2010
FC Lorient,Nicolas Marin,28,Right Midfield,FC Sion,Free transfer,out,Summer,0,Ligue 1,2009,2009/2010
FC Lorient,Rafik Bouderbal,21,Right Winger,ES Sétif,Loan,out,Summer,0,Ligue 1,2009,2009/2010
FC Lorient,Marc Boutruche,32,Right-Back,Retired,-,out,Summer,0,Ligue 1,2009,2009/2010
FC Lorient,Julian Pinard,23,Centre-Forward,Retired,-,out,Summer,0,Ligue 1,2009,2009/2010
FC Lorient,Hamed Namouchi,25,Attacking Midfield,Without Club,-,out,Summer,0,Ligue 1,2009,2009/2010
FC Lorient,Ricardo Sophie,21,Central Midfield,Without Club,-,out,Summer,0,Ligue 1,2009,2009/2010
FC Lorient,André Ayew,19,Left Winger,Marseille,"End of loanJun 30, 2009",out,Summer,0,Ligue 1,2009,2009/2010
FC Lorient,Gabriel Obertan,20,Attacking Midfield,G. Bordeaux,"End of loanJun 30, 2009",out,Summer,0,Ligue 1,2009,2009/2010
FC Lorient,Jean Calvé,25,Right-Back,AS Nancy,"End of loanJun 30, 2009",out,Summer,0,Ligue 1,2009,2009/2010
FC Lorient,Bakary Soro,23,Centre-Back,Charlton U21,"End of loanJun 30, 2009",out,Summer,0,Ligue 1,2009,2009/2010
AS Nancy-Lorraine,Djamel Bakar,20,Centre-Forward,Monaco,£2.25m,in,Summer,2.25,Ligue 1,2009,2009/2010
AS Nancy-Lorraine,Jordan Lotiès,24,Centre-Back,Dijon,£1.08m,in,Summer,1.08,Ligue 1,2009,2009/2010
AS Nancy-Lorraine,Bocundji Ca,22,Defensive Midfield,Tours FC,£900Th.,in,Summer,0.9,Ligue 1,2009,2009/2010
AS Nancy-Lorraine,Reynald Lemaître,26,Left-Back,SM Caen,£900Th.,in,Summer,0.9,Ligue 1,2009,2009/2010
AS Nancy-Lorraine,Bakaye Traoré,24,Central Midfield,Amiens SC,Free transfer,in,Summer,0,Ligue 1,2009,2009/2010
AS Nancy-Lorraine,Floyd Ayité,20,Left Winger,G. Bordeaux,Loan,in,Summer,0,Ligue 1,2009,2009/2010
AS Nancy-Lorraine,Florian Marange,23,Left-Back,G. Bordeaux,Loan,in,Summer,0,Ligue 1,2009,2009/2010
AS Nancy-Lorraine,Cheick Diabaté,21,Centre-Forward,G. Bordeaux,Loan,in,Summer,0,Ligue 1,2009,2009/2010
AS Nancy-Lorraine,Rémi Pillot,18,Goalkeeper,AS Nancy B,-,in,Summer,0,Ligue 1,2009,2009/2010
AS Nancy-Lorraine,Johan Lapeyre,23,Goalkeeper,Entente SSG,"End of loanJun 30, 2009",in,Summer,0,Ligue 1,2009,2009/2010
AS Nancy-Lorraine,Paul Alo'o Efoulou,25,Centre-Forward,SCO Angers,"End of loanJun 30, 2009",in,Summer,0,Ligue 1,2009,2009/2010
AS Nancy-Lorraine,Marc-Antoine Fortuné,27,Centre-Forward,West Brom,"End of loanJun 30, 2009",in,Summer,0,Ligue 1,2009,2009/2010
AS Nancy-Lorraine,Basile Camerling,22,Centre-Forward,Clermont Foot,"End of loanJun 30, 2009",in,Summer,0,Ligue 1,2009,2009/2010
AS Nancy-Lorraine,Jean Calvé,25,Right-Back,FC Lorient,"End of loanJun 30, 2009",in,Summer,0,Ligue 1,2009,2009/2010
AS Nancy-Lorraine,Marc-Antoine Fortuné,28,Centre-Forward,Celtic,£3.96m,out,Summer,3.96,Ligue 1,2009,2009/2010
AS Nancy-Lorraine,Landry N'Guémo,23,Defensive Midfield,Celtic,Loan fee:£675Th.,out,Summer,0.675,Ligue 1,2009,2009/2010
AS Nancy-Lorraine,Helder,21,Right-Back,Rapid Bucharest,Loan fee:£180Th.,out,Summer,0.18,Ligue 1,2009,2009/2010
AS Nancy-Lorraine,Geoffrey Adjet,21,Left-Back,Tours FC,Free transfer,out,Summer,0,Ligue 1,2009,2009/2010
AS Nancy-Lorraine,Thomas Gaudu,22,Goalkeeper,AS Moulins,Loan,out,Summer,0,Ligue 1,2009,2009/2010
AS Nancy-Lorraine,Basile Camerling,22,Centre-Forward,Amiens SC,Loan,out,Summer,0,Ligue 1,2009,2009/2010
AS Nancy-Lorraine,Momar Faye,21,Defensive Midfield,FC Vesoul,Loan,out,Summer,0,Ligue 1,2009,2009/2010
AS Nancy-Lorraine,Benjamin Gavanon,29,Central Midfield,FC Sochaux,Loan,out,Summer,0,Ligue 1,2009,2009/2010
AS Nancy-Lorraine,Monsef Zerka,28,Right Midfield,FC Nantes,Free transfer,out,Summer,0,Ligue 1,2009,2009/2010
AS Nancy-Lorraine,Frédéric Biancalani,35,Left-Back,FC Metz,Free transfer,out,Summer,0,Ligue 1,2009,2009/2010
AS Nancy-Lorraine,Jean Calvé,25,Right-Back,Grenoble,Loan,out,Summer,0,Ligue 1,2009,2009/2010
Le Mans Union Club 72,João Paulo,28,Centre-Back,FC Porto,£1.35m,in,Summer,1.35,Ligue 1,2009,2009/2010
Le Mans Union Club 72,Didier Ovono,26,Goalkeeper,Dinamo Tbilisi,£720Th.,in,Summer,0.72,Ligue 1,2009,2009/2010
Le Mans Union Club 72,Sekou Ouattara,23,Right-Back,KSV Roeselare,?,in,Summer,NA,Ligue 1,2009,2009/2010
Le Mans Union Club 72,Patrick Ekeng,19,Central Midfield,Canon Yaoundé,?,in,Summer,NA,Ligue 1,2009,2009/2010
Le Mans Union Club 72,Badara Sène,24,Defensive Midfield,FC Sochaux,Loan,in,Summer,0,Ligue 1,2009,2009/2010
Le Mans Union Club 72,Mamadou Wagué,18,Centre-Back,FC Le Mans B,-,in,Summer,0,Ligue 1,2009,2009/2010
Le Mans Union Club 72,Sébastien Corchia,18,Right-Back,FC Le Mans B,-,in,Summer,0,Ligue 1,2009,2009/2010
Le Mans Union Club 72,Giorgi Makaridze,19,Goalkeeper,FC Le Mans B,-,in,Summer,0,Ligue 1,2009,2009/2010
Le Mans Union Club 72,Idrissa Sylla,18,Centre-Forward,FC Le Mans B,-,in,Summer,0,Ligue 1,2009,2009/2010
Le Mans Union Club 72,Valentin N'Kwelle,23,Central Midfield,FC Le Mans B,-,in,Summer,0,Ligue 1,2009,2009/2010
Le Mans Union Club 72,Fousseyni Cissé,19,Centre-Forward,FC Le Mans B,-,in,Summer,0,Ligue 1,2009,2009/2010
Le Mans Union Club 72,Guillaume Loriot,23,Central Midfield,Clermont Foot,"End of loanJun 30, 2009",in,Summer,0,Ligue 1,2009,2009/2010
Le Mans Union Club 72,Zito,23,Central Midfield,Stade Lavallois,"End of loanJun 30, 2009",in,Summer,0,Ligue 1,2009,2009/2010
Le Mans Union Club 72,Alphousseyni Keita,23,Defensive Midfield,Nîmes Olympique,"End of loanJun 30, 2009",in,Summer,0,Ligue 1,2009,2009/2010
Le Mans Union Club 72,Gervinho,22,Left Winger,LOSC Lille,£5.85m,out,Summer,5.85,Ligue 1,2009,2009/2010
Le Mans Union Club 72,Mathieu Coutadeur,23,Central Midfield,Monaco,£3.60m,out,Summer,3.6,Ligue 1,2009,2009/2010
Le Mans Union Club 72,Yohann Pelé,26,Goalkeeper,Toulouse,Free transfer,out,Summer,0,Ligue 1,2009,2009/2010
Le Mans Union Club 72,Thibault Ferrand,23,Goalkeeper,Stade Reims,Loan,out,Summer,0,Ligue 1,2009,2009/2010
Le Mans Union Club 72,Abdou Dieye,21,Left Winger,Rodez AF,Loan,out,Summer,0,Ligue 1,2009,2009/2010
Le Mans Union Club 72,Khaled Adénon,23,Centre-Back,SC Bastia,Loan,out,Summer,0,Ligue 1,2009,2009/2010
Le Mans Union Club 72,Paulo André,25,Centre-Back,Corinthians,Loan,out,Summer,0,Ligue 1,2009,2009/2010
Le Mans Union Club 72,Zito,23,Central Midfield,FC Le Mans B,-,out,Summer,0,Ligue 1,2009,2009/2010
Grenoble Foot 38,Sandy Paillot,22,Centre-Back,Olympique Lyon,£1.35m,in,Summer,1.35,Ligue 1,2009,2009/2010
Grenoble Foot 38,Daisuke Matsui,28,Left Midfield,Saint-Étienne,£900Th.,in,Summer,0.9,Ligue 1,2009,2009/2010
Grenoble Foot 38,Josip Tadic,21,Centre-Forward,Dinamo Zagreb,£540Th.,in,Summer,0.54,Ligue 1,2009,2009/2010
Grenoble Foot 38,Jody Viviani,27,Goalkeeper,Saint-Étienne,£360Th.,in,Summer,0.36,Ligue 1,2009,2009/2010
Grenoble Foot 38,Nicolas Dieuze,30,Central Midfield,AC Le Havre,£90Th.,in,Summer,0.09,Ligue 1,2009,2009/2010
Grenoble Foot 38,David Sauget,29,Left-Back,Saint-Étienne,Free transfer,in,Summer,0,Ligue 1,2009,2009/2010
Grenoble Foot 38,Jean Calvé,25,Right-Back,AS Nancy,Loan,in,Summer,0,Ligue 1,2009,2009/2010
Grenoble Foot 38,Danijel Ljuboja,30,Centre-Forward,VfB Stuttgart,Free transfer,in,Summer,0,Ligue 1,2009,2009/2010
Grenoble Foot 38,Jonathan Tinhan,20,Centre-Forward,Grenoble B,-,in,Summer,0,Ligue 1,2009,2009/2010
Grenoble Foot 38,Hugo Cianci,20,Right-Back,Grenoble B,-,in,Summer,0,Ligue 1,2009,2009/2010
Grenoble Foot 38,Jimmy Juan,26,Central Midfield,LB Châteauroux,"End of loanJun 30, 2009",in,Summer,0,Ligue 1,2009,2009/2010
Grenoble Foot 38,Logan Alphant,26,Right-Back,Louh.-Cuiseaux,"End of loanJun 30, 2009",in,Summer,0,Ligue 1,2009,2009/2010
Grenoble Foot 38,Francis N'Ganga,24,Left-Back,Tours FC,Free transfer,out,Summer,0,Ligue 1,2009,2009/2010
Grenoble Foot 38,Hristo Yanev,30,Attacking Midfield,Litex Lovetch,Free transfer,out,Summer,0,Ligue 1,2009,2009/2010
Grenoble Foot 38,Bouchaib El Moubarki,31,Right Winger,Moghreb Tétouan,Free transfer,out,Summer,0,Ligue 1,2009,2009/2010
Grenoble Foot 38,Mathieu Gianni,24,Central Midfield,Le Pontet,Free transfer,out,Summer,0,Ligue 1,2009,2009/2010
Grenoble Foot 38,Grégory Wimbée,37,Goalkeeper,Valenciennes FC,Free transfer,out,Summer,0,Ligue 1,2009,2009/2010
Grenoble Foot 38,Mustafa Kucukovic,23,Centre-Forward,Without Club,-,out,Summer,0,Ligue 1,2009,2009/2010
Grenoble Foot 38,Maxence Flachez,36,Centre-Back,Retired,-,out,Summer,0,Ligue 1,2009,2009/2010
Grenoble Foot 38,Walid Regragui,33,Right-Back,Retired,-,out,Summer,0,Ligue 1,2009,2009/2010
Grenoble Foot 38,Paul Cattier,23,Goalkeeper,Without Club,-,out,Summer,0,Ligue 1,2009,2009/2010
Grenoble Foot 38,Sandy Paillot,22,Centre-Back,Olympique Lyon,"End of loanJun 30, 2009",out,Summer,0,Ligue 1,2009,2009/2010
Grenoble Foot 38,Daniel Moreira,31,Second Striker,Stade Rennais,"End of loanJun 30, 2009",out,Summer,0,Ligue 1,2009,2009/2010
Grenoble Foot 38,Albert Baning,24,Defensive Midfield,Paris SG,"End of loanJun 30, 2009",out,Summer,0,Ligue 1,2009,2009/2010
Grenoble Foot 38,Larsen Touré,24,Right Winger,LOSC Lille,"End of loanJun 30, 2009",out,Summer,0,Ligue 1,2009,2009/2010
Grenoble Foot 38,Elliot Grandin,21,Right Winger,Marseille,"End of loanJun 30, 2009",out,Summer,0,Ligue 1,2009,2009/2010
Valenciennes FC,Fahid Ben Khalfallah,26,Right Winger,SM Caen,£1.80m,in,Summer,1.8,Ligue 1,2009,2009/2010
Valenciennes FC,Rémi Gomis,25,Defensive Midfield,SM Caen,£1.58m,in,Summer,1.58,Ligue 1,2009,2009/2010
Valenciennes FC,Gaëtan Bong,21,Left-Back,FC Metz,£630Th.,in,Summer,0.63,Ligue 1,2009,2009/2010
Valenciennes FC,Renaud Cohade,24,Central Midfield,R. Strasbourg,£450Th.,in,Summer,0.45,Ligue 1,2009,2009/2010
Valenciennes FC,Foued Kadir,25,Attacking Midfield,Amiens SC,Free transfer,in,Summer,0,Ligue 1,2009,2009/2010
Valenciennes FC,Mamadou Samassa,23,Centre-Forward,Marseille,Loan,in,Summer,0,Ligue 1,2009,2009/2010
Valenciennes FC,Grégory Wimbée,37,Goalkeeper,Grenoble,Free transfer,in,Summer,0,Ligue 1,2009,2009/2010
Valenciennes FC,Guy Ndy Assembé,23,Goalkeeper,FC Nantes,Loan,in,Summer,0,Ligue 1,2009,2009/2010
Valenciennes FC,Tae-hee Nam,18,Attacking Midfield,Valencienne U19,-,in,Summer,0,Ligue 1,2009,2009/2010
Valenciennes FC,Bobo Balde,33,Centre-Back,Without Club,-,in,Summer,0,Ligue 1,2009,2009/2010
Valenciennes FC,Williams Martínez,26,Centre-Back,Stade Reims,"End of loanJun 30, 2009",in,Summer,0,Ligue 1,2009,2009/2010
Valenciennes FC,Seïd Khiter,24,Right Winger,Vannes,"End of loanJun 1, 2009",in,Summer,0,Ligue 1,2009,2009/2010
Valenciennes FC,Jeovânio,31,Defensive Midfield,Figueirense FC,Free transfer,out,Summer,0,Ligue 1,2009,2009/2010
Valenciennes FC,Willy Grondin,34,Goalkeeper,Paris SG,Free transfer,out,Summer,0,Ligue 1,2009,2009/2010
Valenciennes FC,Jean-Claude Darcheville,34,Centre-Forward,FC Nantes,Free transfer,out,Summer,0,Ligue 1,2009,2009/2010
Valenciennes FC,Seïd Khiter,24,Right Winger,R. Strasbourg,Loan,out,Summer,0,Ligue 1,2009,2009/2010
Valenciennes FC,Williams Martínez,26,Centre-Back,Defensor,Free transfer,out,Summer,0,Ligue 1,2009,2009/2010
Valenciennes FC,Dame Traoré,23,Centre-Back,Lekhwiya,Free transfer,out,Summer,0,Ligue 1,2009,2009/2010
Valenciennes FC,Djamel Belmadi,33,Right Midfield,Retired,-,out,Summer,0,Ligue 1,2009,2009/2010
RC Lens,Eduardo,28,Centre-Forward,Guingamp,£2.70m,in,Summer,2.7,Ligue 1,2009,2009/2010
RC Lens,Alaeddine Yahia,27,Centre-Back,OGC Nice,£900Th.,in,Summer,0.9,Ligue 1,2009,2009/2010
RC Lens,Hamdi Kasraoui,26,Goalkeeper,Esperance,£540Th.,in,Summer,0.54,Ligue 1,2009,2009/2010
RC Lens,Issam El Adoua,22,Defensive Midfield,Wydad AC,£315Th.,in,Summer,0.315,Ligue 1,2009,2009/2010
RC Lens,Samuel Atrous,19,Goalkeeper,RC Lens B,-,in,Summer,0,Ligue 1,2009,2009/2010
RC Lens,Samba Sow,20,Defensive Midfield,RC Lens B,-,in,Summer,0,Ligue 1,2009,2009/2010
RC Lens,Steven Joseph-Monrose,18,Centre-Forward,RC Lens B,-,in,Summer,0,Ligue 1,2009,2009/2010
RC Lens,William Rémy,18,Centre-Back,RC Lens B,-,in,Summer,0,Ligue 1,2009,2009/2010
RC Lens,Timothée Kolodziejczak,17,Centre-Back,Olympique Lyon,"End of loanJun 30, 2009",in,Summer,0,Ligue 1,2009,2009/2010
RC Lens,Kanga Akalé,28,Left Winger,Recr. Huelva,"End of loanJun 30, 2009",in,Summer,0,Ligue 1,2009,2009/2010
RC Lens,David Pollet,20,Centre-Forward,FC Gueugnon,"End of loanJun 30, 2009",in,Summer,0,Ligue 1,2009,2009/2010
RC Lens,Timothée Kolodziejczak,17,Centre-Back,Olympique Lyon,£2.25m,out,Summer,2.25,Ligue 1,2009,2009/2010
RC Lens,Aruna Dindane,28,Second Striker,Portsmouth,Loan fee:£450Th.,out,Summer,0.45,Ligue 1,2009,2009/2010
RC Lens,Nolan Roux,21,Centre-Forward,Stade Brest 29,Free transfer,out,Summer,0,Ligue 1,2009,2009/2010
RC Lens,David Pollet,20,Centre-Forward,Paris FC,Loan,out,Summer,0,Ligue 1,2009,2009/2010
RC Lens,Arnaud Brocard,22,Goalkeeper,Paris FC,Free transfer,out,Summer,0,Ligue 1,2009,2009/2010
RC Lens,Sidi Keita,24,Defensive Midfield,Xerez CD,Loan,out,Summer,0,Ligue 1,2009,2009/2010
RC Lens,Grégory Vignal,28,Left-Back,Birmingham,Free transfer,out,Summer,0,Ligue 1,2009,2009/2010
RC Lens,Kévin Goeman,21,Goalkeeper,Zulte Waregem,Loan,out,Summer,0,Ligue 1,2009,2009/2010
RC Lens,Dalibor Veselinovic,21,Centre-Forward,FC Brüssel,?,out,Summer,NA,Ligue 1,2009,2009/2010
RC Lens,Alaeddine Yahia,27,Centre-Back,OGC Nice,"End of loanJun 30, 2009",out,Summer,0,Ligue 1,2009,2009/2010
FC Sochaux-Montbéliard,Charlie Davies,23,Centre-Forward,Hammarby,£1.35m,in,Summer,1.35,Ligue 1,2009,2009/2010
FC Sochaux-Montbéliard,Jérémie Bréchet,29,Centre-Back,PSV Eindhoven,£900Th.,in,Summer,0.9,Ligue 1,2009,2009/2010
FC Sochaux-Montbéliard,Ivan Stevanovic,26,Right-Back,Partizan,£900Th.,in,Summer,0.9,Ligue 1,2009,2009/2010
FC Sochaux-Montbéliard,Benjamin Gavanon,29,Central Midfield,AS Nancy,Loan,in,Summer,0,Ligue 1,2009,2009/2010
FC Sochaux-Montbéliard,Loïc Poujol,20,Defensive Midfield,FC Sochaux B,-,in,Summer,0,Ligue 1,2009,2009/2010
FC Sochaux-Montbéliard,Pierrick Cros,18,Goalkeeper,FC Sochaux B,-,in,Summer,0,Ligue 1,2009,2009/2010
FC Sochaux-Montbéliard,Mathieu Peybernes,18,Centre-Back,FC Sochaux B,-,in,Summer,0,Ligue 1,2009,2009/2010
FC Sochaux-Montbéliard,Lionel Mathis,27,Defensive Midfield,Guingamp,"End of loanJun 30, 2009",in,Summer,0,Ligue 1,2009,2009/2010
FC Sochaux-Montbéliard,Maxime Josse,22,Defender,SCO Angers,"End of loanJun 30, 2009",in,Summer,0,Ligue 1,2009,2009/2010
FC Sochaux-Montbéliard,Kandia Traoré,28,Centre-Forward,R. Strasbourg,"End of loanJun 30, 2009",in,Summer,0,Ligue 1,2009,2009/2010
FC Sochaux-Montbéliard,Boukary Dramé,23,Left-Back,Real Sociedad,"End of loanJun 30, 2009",in,Summer,0,Ligue 1,2009,2009/2010
FC Sochaux-Montbéliard,Badara Sène,24,Defensive Midfield,Guingamp,"End of loanJun 30, 2009",in,Summer,0,Ligue 1,2009,2009/2010
FC Sochaux-Montbéliard,Robin Previtali,22,Attacking Midfield,Louh.-Cuiseaux,"End of loanJun 30, 2009",in,Summer,0,Ligue 1,2009,2009/2010
FC Sochaux-Montbéliard,Ivan Perisic,20,Left Winger,KSV Roeselare,"End of loanJun 30, 2009",in,Summer,0,Ligue 1,2009,2009/2010
FC Sochaux-Montbéliard,Valter Birsa,22,Attacking Midfield,AJ Auxerre,"End of loanJun 30, 2009",in,Summer,0,Ligue 1,2009,2009/2010
FC Sochaux-Montbéliard,Valéry Mézague,25,Attacking Midfield,LB Châteauroux,"End of loanJun 1, 2009",in,Summer,0,Ligue 1,2009,2009/2010
FC Sochaux-Montbéliard,Mevlüt Erdinc,22,Centre-Forward,Paris SG,£7.65m,out,Summer,7.65,Ligue 1,2009,2009/2010
FC Sochaux-Montbéliard,Valter Birsa,22,Attacking Midfield,AJ Auxerre,£1.35m,out,Summer,1.35,Ligue 1,2009,2009/2010
FC Sochaux-Montbéliard,Ivan Perisic,20,Left Winger,Club Brugge,£180Th.,out,Summer,0.18,Ligue 1,2009,2009/2010
FC Sochaux-Montbéliard,Jérémy Gavanon,25,Goalkeeper,Cannes,Free transfer,out,Summer,0,Ligue 1,2009,2009/2010
FC Sochaux-Montbéliard,Romain Pitau,31,Defensive Midfield,Montpellier,Free transfer,out,Summer,0,Ligue 1,2009,2009/2010
FC Sochaux-Montbéliard,Stéphane Pichot,32,Right-Back,R. Strasbourg,Free transfer,out,Summer,0,Ligue 1,2009,2009/2010
FC Sochaux-Montbéliard,Mickaël Isabey,34,Right Midfield,Dijon,Free transfer,out,Summer,0,Ligue 1,2009,2009/2010
FC Sochaux-Montbéliard,Robin Previtali,22,Attacking Midfield,FC Gueugnon,Loan,out,Summer,0,Ligue 1,2009,2009/2010
FC Sochaux-Montbéliard,Valéry Mézague,25,Attacking Midfield,Vannes,Free transfer,out,Summer,0,Ligue 1,2009,2009/2010
FC Sochaux-Montbéliard,Rabiu Afolabi,29,Centre-Back,RB Salzburg,Free transfer,out,Summer,0,Ligue 1,2009,2009/2010
FC Sochaux-Montbéliard,Omar Daf,32,Right-Back,Stade Brest 29,Free transfer,out,Summer,0,Ligue 1,2009,2009/2010
FC Sochaux-Montbéliard,Lionel Mathis,27,Defensive Midfield,Guingamp,Free transfer,out,Summer,0,Ligue 1,2009,2009/2010
FC Sochaux-Montbéliard,Kandia Traoré,28,Centre-Forward,SM Caen,Loan,out,Summer,0,Ligue 1,2009,2009/2010
FC Sochaux-Montbéliard,Badara Sène,24,Defensive Midfield,Le Mans UC 72,Loan,out,Summer,0,Ligue 1,2009,2009/2010
FC Sochaux-Montbéliard,Olivier Thomas,34,Left-Back,Retired,-,out,Summer,0,Ligue 1,2009,2009/2010
FC Sochaux-Montbéliard,Hakim El Bounadi,22,Centre-Back,Without Club,-,out,Summer,0,Ligue 1,2009,2009/2010
AS Monaco,Mathieu Coutadeur,23,Central Midfield,Le Mans UC 72,£3.60m,in,Summer,3.6,Ligue 1,2009,2009/2010
AS Monaco,Eduardo Costa,26,Defensive Midfield,São Paulo,£2.25m,in,Summer,2.25,Ligue 1,2009,2009/2010
AS Monaco,Eidur Gudjohnsen,30,Centre-Forward,FC Barcelona,£1.80m,in,Summer,1.8,Ligue 1,2009,2009/2010
AS Monaco,Sébastien Puygrenier,27,Centre-Back,Zenit S-Pb,Loan fee:£630Th.,in,Summer,0.63,Ligue 1,2009,2009/2010
AS Monaco,Djimi Traoré,29,Centre-Back,Portsmouth,Free transfer,in,Summer,0,Ligue 1,2009,2009/2010
AS Monaco,Sani Kaita,23,Defensive Midfield,Spartak V-kavkaz,"End of loanMay 1, 2010",in,Summer,0,Ligue 1,2009,2009/2010
AS Monaco,Frédéric Bulot,18,Left Winger,Monaco B,-,in,Summer,0,Ligue 1,2009,2009/2010
AS Monaco,Massamba Sambou,22,Centre-Back,AC Le Havre,"End of loanJun 30, 2009",in,Summer,0,Ligue 1,2009,2009/2010
AS Monaco,Gonzalo Vargas,27,Centre-Forward,Atlas,"End of loanJun 30, 2009",in,Summer,0,Ligue 1,2009,2009/2010
AS Monaco,Bolívar,28,Centre-Back,Internacional,"End of loanJun 30, 2009",in,Summer,0,Ligue 1,2009,2009/2010
AS Monaco,Arnaud Lescure,23,Centre-Back,Rodez AF,"End of loanJun 30, 2009",in,Summer,0,Ligue 1,2009,2009/2010
AS Monaco,Malaury Martin,20,Defensive Midfield,Nîmes Olympique,"End of loanJun 30, 2009",in,Summer,0,Ligue 1,2009,2009/2010
AS Monaco,Nenê,27,Attacking Midfield,Espanyol,"End of loanJun 30, 2009",in,Summer,0,Ligue 1,2009,2009/2010
AS Monaco,Sani Kaita,23,Defensive Midfield,Kuban Krasnodar,"End of loanJun 30, 2009",in,Summer,0,Ligue 1,2009,2009/2010
AS Monaco,Torben Joneleit,22,Centre-Back,RSC Charleroi,"End of loanJun 30, 2009",in,Summer,0,Ligue 1,2009,2009/2010
AS Monaco,Leandro Cufré,31,Left-Back,Hertha BSC,"End of loanJun 30, 2009",in,Summer,0,Ligue 1,2009,2009/2010
AS Monaco,Djamel Bakar,20,Centre-Forward,AS Nancy,£2.25m,out,Summer,2.25,Ligue 1,2009,2009/2010
AS Monaco,Nikola Pokrivac,23,Defensive Midfield,RB Salzburg,£1.80m,out,Summer,1.8,Ligue 1,2009,2009/2010
AS Monaco,Bolívar,28,Centre-Back,Internacional,£1.35m,out,Summer,1.35,Ligue 1,2009,2009/2010
AS Monaco,Torben Joneleit,22,Centre-Back,RSC Charleroi,£68Th.,out,Summer,0.068,Ligue 1,2009,2009/2010
AS Monaco,Alexandre Licata,25,Centre-Forward,AJ Auxerre,Free transfer,out,Summer,0,Ligue 1,2009,2009/2010
AS Monaco,Loïc Dufau,20,Defensive Midfield,Cassis Carnoux,Loan,out,Summer,0,Ligue 1,2009,2009/2010
AS Monaco,Flavio Roma,35,Goalkeeper,AC Milan,Free transfer,out,Summer,0,Ligue 1,2009,2009/2010
AS Monaco,Manuel Vallaurio,22,Goalkeeper,Rodez AF,Loan,out,Summer,0,Ligue 1,2009,2009/2010
AS Monaco,Gonzalo Vargas,27,Centre-Forward,Atlas,Free transfer,out,Summer,0,Ligue 1,2009,2009/2010
AS Monaco,Leandro Cufré,31,Left-Back,Gimnasia,Free transfer,out,Summer,0,Ligue 1,2009,2009/2010
AS Monaco,Vincent Ramaël,21,Centre-Forward,Cassis Carnoux,Free transfer,out,Summer,0,Ligue 1,2009,2009/2010
AS Monaco,Kévin Diaz,20,Right Midfield,AC Ajaccio,Loan,out,Summer,0,Ligue 1,2009,2009/2010
AS Monaco,Massamba Sambou,22,Centre-Back,FC Nantes,Loan,out,Summer,0,Ligue 1,2009,2009/2010
AS Monaco,Sani Kaita,23,Defensive Midfield,Loko Moscow,Loan,out,Summer,0,Ligue 1,2009,2009/2010
AS Monaco,Arnaud Lescure,23,Centre-Back,Without Club,-,out,Summer,0,Ligue 1,2009,2009/2010
AS Monaco,Camel Meriem,29,Attacking Midfield,Without Club,-,out,Summer,0,Ligue 1,2009,2009/2010
AS Monaco,Freddy Adu,20,Attacking Midfield,Benfica,"End of loanJun 30, 2009",out,Summer,0,Ligue 1,2009,2009/2010
Olympique Marseille,Lucho González,28,Central Midfield,FC Porto,£17.10m,in,Summer,17.1,Ligue 1,2009,2009/2010
Olympique Marseille,Stéphane Mbia,23,Defensive Midfield,Stade Rennais,£10.80m,in,Summer,10.8,Ligue 1,2009,2009/2010
Olympique Marseille,Souleymane Diawara,30,Centre-Back,G. Bordeaux,£5.85m,in,Summer,5.85,Ligue 1,2009,2009/2010
Olympique Marseille,Fabrice Abriel,30,Central Midfield,FC Lorient,£2.25m,in,Summer,2.25,Ligue 1,2009,2009/2010
Olympique Marseille,Gabriel Heinze,31,Centre-Back,Real Madrid,£1.35m,in,Summer,1.35,Ligue 1,2009,2009/2010
Olympique Marseille,Cyril Rool,34,Left-Back,OGC Nice,£360Th.,in,Summer,0.36,Ligue 1,2009,2009/2010
Olympique Marseille,Charley Fomen,19,Left-Back,Panthère du Ndé,£180Th.,in,Summer,0.18,Ligue 1,2009,2009/2010
Olympique Marseille,Andrade,30,Goalkeeper,Rapid Bucharest,£180Th.,in,Summer,0.18,Ligue 1,2009,2009/2010
Olympique Marseille,Édouard Cissé,31,Defensive Midfield,Besiktas,Free transfer,in,Summer,0,Ligue 1,2009,2009/2010
Olympique Marseille,Fernando Morientes,33,Centre-Forward,Valencia,Free transfer,in,Summer,0,Ligue 1,2009,2009/2010
Olympique Marseille,Cédric D'Ulivo,19,Right-Back,Marseille B,-,in,Summer,0,Ligue 1,2009,2009/2010
Olympique Marseille,Kevin Osei,18,Right Winger,Marseille B,-,in,Summer,0,Ligue 1,2009,2009/2010
Olympique Marseille,Jordan Ayew,17,Centre-Forward,Marseille B,-,in,Summer,0,Ligue 1,2009,2009/2010
Olympique Marseille,Alexander N'Doumbou,17,Defensive Midfield,Marseille U19,-,in,Summer,0,Ligue 1,2009,2009/2010
Olympique Marseille,Jean-Philippe Sabo,22,Left-Back,Montpellier,"End of loanJun 30, 2009",in,Summer,0,Ligue 1,2009,2009/2010
Olympique Marseille,Garry Bocaly,21,Right-Back,Montpellier,"End of loanJun 30, 2009",in,Summer,0,Ligue 1,2009,2009/2010
Olympique Marseille,Thomas Deruda,22,Central Midfield,Montpellier,"End of loanJun 30, 2009",in,Summer,0,Ligue 1,2009,2009/2010
Olympique Marseille,André Ayew,19,Left Winger,FC Lorient,"End of loanJun 30, 2009",in,Summer,0,Ligue 1,2009,2009/2010
Olympique Marseille,Salim Arrache,26,Left Winger,Stade Reims,"End of loanJun 30, 2009",in,Summer,0,Ligue 1,2009,2009/2010
Olympique Marseille,Djibril Cissé,27,Centre-Forward,Sunderland,"End of loanJun 30, 2009",in,Summer,0,Ligue 1,2009,2009/2010
Olympique Marseille,Gaël Givet,27,Centre-Back,Blackburn,"End of loanJun 30, 2009",in,Summer,0,Ligue 1,2009,2009/2010
Olympique Marseille,Fabrice Begeorgi,22,Left-Back,W. Bremen II,"End of loanJun 30, 2009",in,Summer,0,Ligue 1,2009,2009/2010
Olympique Marseille,Elliot Grandin,21,Right Winger,Grenoble,"End of loanJun 30, 2009",in,Summer,0,Ligue 1,2009,2009/2010
Olympique Marseille,Milos Krstic,22,Attacking Midfield,AC Ajaccio,"End of loanJun 30, 2009",in,Summer,0,Ligue 1,2009,2009/2010
Olympique Marseille,Pape M'Bow,21,Centre-Back,Cannes,"End of loanJun 30, 2009",in,Summer,0,Ligue 1,2009,2009/2010
Olympique Marseille,Djibril Cissé,27,Centre-Forward,Panathinaikos,£7.20m,out,Summer,7.2,Ligue 1,2009,2009/2010
Olympique Marseille,Karim Ziani,26,Attacking Midfield,VfL Wolfsburg,£6.30m,out,Summer,6.3,Ligue 1,2009,2009/2010
Olympique Marseille,Lorik Cana,25,Defensive Midfield,Sunderland,£5.22m,out,Summer,5.22,Ligue 1,2009,2009/2010
Olympique Marseille,Gaël Givet,27,Centre-Back,Blackburn,£3.60m,out,Summer,3.6,Ligue 1,2009,2009/2010
Olympique Marseille,Ronald Zubar,23,Centre-Back,Wolves,£2.70m,out,Summer,2.7,Ligue 1,2009,2009/2010
Olympique Marseille,André Ayew,19,Left Winger,AC Arles-Avignon,Loan,out,Summer,0,Ligue 1,2009,2009/2010
Olympique Marseille,Fabrice Begeorgi,22,Left-Back,FC Istres,Free transfer,out,Summer,0,Ligue 1,2009,2009/2010
Olympique Marseille,Thomas Deruda,22,Central Midfield,AC Ajaccio,Free transfer,out,Summer,0,Ligue 1,2009,2009/2010
Olympique Marseille,Dmitriy Nepogodov,21,Goalkeeper,Cannes,Free transfer,out,Summer,0,Ligue 1,2009,2009/2010
Olympique Marseille,Salim Arrache,27,Left Winger,SC Bastia,Free transfer,out,Summer,0,Ligue 1,2009,2009/2010
Olympique Marseille,Mamadou Samassa,23,Centre-Forward,Valenciennes FC,Loan,out,Summer,0,Ligue 1,2009,2009/2010
Olympique Marseille,Renato Civelli,25,Centre-Back,San Lorenzo,Free transfer,out,Summer,0,Ligue 1,2009,2009/2010
Olympique Marseille,Milos Krstic,22,Attacking Midfield,OFK Beograd,Free transfer,out,Summer,0,Ligue 1,2009,2009/2010
Olympique Marseille,Jean-Philippe Sabo,22,Left-Back,AC Ajaccio,Loan,out,Summer,0,Ligue 1,2009,2009/2010
Olympique Marseille,Elliot Grandin,21,Right Winger,Without Club,-,out,Summer,0,Ligue 1,2009,2009/2010
Olympique Marseille,Modeste M'Bami,26,Defensive Midfield,Without Club,-,out,Summer,0,Ligue 1,2009,2009/2010
Olympique Marseille,Sylvain Wiltord,35,Second Striker,Without Club,-,out,Summer,0,Ligue 1,2009,2009/2010
Olympique Marseille,Boudewijn Zenden,32,Left Winger,Without Club,-,out,Summer,0,Ligue 1,2009,2009/2010
Olympique Marseille,Tyrone Mears,26,Right-Back,Derby,"End of loanJun 30, 2009",out,Summer,0,Ligue 1,2009,2009/2010
Stade Rennais FC,Ismaël Bangoura,24,Centre-Forward,Dynamo Kyiv,£9.90m,in,Summer,9.9,Ligue 1,2009,2009/2010
Stade Rennais FC,Alexander Tettey,23,Defensive Midfield,Rosenborg BK,£3.15m,in,Summer,3.15,Ligue 1,2009,2009/2010
Stade Rennais FC,Tongo Doumbia,19,Defensive Midfield,LB Châteauroux B,£90Th.,in,Summer,0.09,Ligue 1,2009,2009/2010
Stade Rennais FC,Junichi Inamoto,29,Defensive Midfield,E. Frankfurt,Free transfer,in,Summer,0,Ligue 1,2009,2009/2010
Stade Rennais FC,John Boye,22,Centre-Back,Heart of Lions,?,in,Summer,NA,Ligue 1,2009,2009/2010
Stade Rennais FC,Yacine Brahimi,19,Left Winger,Rennes B,-,in,Summer,0,Ligue 1,2009,2009/2010
Stade Rennais FC,Florent Petit,20,Goalkeeper,Rennes B,-,in,Summer,0,Ligue 1,2009,2009/2010
Stade Rennais FC,Maxime Le Marchand,19,Centre-Back,Rennes B,-,in,Summer,0,Ligue 1,2009,2009/2010
Stade Rennais FC,Abdoul Camara,19,Left Winger,Rennes B,-,in,Summer,0,Ligue 1,2009,2009/2010
Stade Rennais FC,Lhadji Badiane,22,Right Winger,Clermont Foot,"End of loanJun 30, 2009",in,Summer,0,Ligue 1,2009,2009/2010
Stade Rennais FC,Kévin Bru,20,Central Midfield,Clermont Foot,"End of loanJun 30, 2009",in,Summer,0,Ligue 1,2009,2009/2010
Stade Rennais FC,Fabrice Ondama,21,Centre-Forward,US Créteil,"End of loanJun 30, 2009",in,Summer,0,Ligue 1,2009,2009/2010
Stade Rennais FC,Daniel Moreira,31,Second Striker,Grenoble,"End of loanJun 30, 2009",in,Summer,0,Ligue 1,2009,2009/2010
Stade Rennais FC,Guillaume Borne,21,Right-Back,Stade Brest 29,"End of loanJun 30, 2009",in,Summer,0,Ligue 1,2009,2009/2010
Stade Rennais FC,Benjamin Moukandjo,20,Centre-Forward,Entente SSG,"End of loanJun 30, 2009",in,Summer,0,Ligue 1,2009,2009/2010
Stade Rennais FC,Felix Katongo,25,Attacking Midfield,LB Châteauroux,"End of loanJun 30, 2009",in,Summer,0,Ligue 1,2009,2009/2010
Stade Rennais FC,Olivier Sorlin,30,Defensive Midfield,PAOK Salonika,"End of loanJun 30, 2009",in,Summer,0,Ligue 1,2009,2009/2010
Stade Rennais FC,Stéphane Mbia,23,Defensive Midfield,Marseille,£10.80m,out,Summer,10.8,Ligue 1,2009,2009/2010
Stade Rennais FC,Olivier Sorlin,30,Defensive Midfield,PAOK Salonika,£135Th.,out,Summer,0.135,Ligue 1,2009,2009/2010
Stade Rennais FC,Guillaume Borne,21,Right-Back,US Boulogne,Free transfer,out,Summer,0,Ligue 1,2009,2009/2010
Stade Rennais FC,Yacine Brahimi,19,Left Winger,Clermont Foot,Loan,out,Summer,0,Ligue 1,2009,2009/2010
Stade Rennais FC,Felix Katongo,25,Attacking Midfield,Sundowns,Free transfer,out,Summer,0,Ligue 1,2009,2009/2010
Stade Rennais FC,Julian Esteban,22,Centre-Forward,Servette FC,Loan,out,Summer,0,Ligue 1,2009,2009/2010
Stade Rennais FC,Bira Dembélé,21,Centre-Back,US Boulogne,Loan,out,Summer,0,Ligue 1,2009,2009/2010
Stade Rennais FC,Maxime Le Marchand,19,Centre-Back,AC Le Havre,Loan,out,Summer,0,Ligue 1,2009,2009/2010
Stade Rennais FC,Prince Oniangué,20,Defensive Midfield,SCO Angers,Loan,out,Summer,0,Ligue 1,2009,2009/2010
Stade Rennais FC,Abdoul Camara,19,Left Winger,Vannes,Loan,out,Summer,0,Ligue 1,2009,2009/2010
Stade Rennais FC,Damien Le Tallec,19,Defensive Midfield,Bor. Dortmund,Free transfer,out,Summer,0,Ligue 1,2009,2009/2010
Stade Rennais FC,Daniel Moreira,32,Second Striker,US Boulogne,Free transfer,out,Summer,0,Ligue 1,2009,2009/2010
Stade Rennais FC,Samuel Souprayen,20,Centre-Back,Dijon,Loan,out,Summer,0,Ligue 1,2009,2009/2010
Stade Rennais FC,Benjamin Moukandjo,20,Centre-Forward,Nîmes Olympique,Free transfer,out,Summer,0,Ligue 1,2009,2009/2010
Stade Rennais FC,Fabrice Ondama,21,Centre-Forward,Diables Noirs,Free transfer,out,Summer,0,Ligue 1,2009,2009/2010
Stade Rennais FC,John Boye,22,Centre-Back,Heart of Lions,"End of loanJun 30, 2009",out,Summer,0,Ligue 1,2009,2009/2010
AJ Auxerre,Valter Birsa,22,Attacking Midfield,FC Sochaux,£1.35m,in,Summer,1.35,Ligue 1,2009,2009/2010
AJ Auxerre,Alexandre Licata,25,Centre-Forward,Monaco,Free transfer,in,Summer,0,Ligue 1,2009,2009/2010
AJ Auxerre,Roy Contout,24,Right Winger,Amiens SC,Free transfer,in,Summer,0,Ligue 1,2009,2009/2010
AJ Auxerre,Aurélien Capoue,27,Left Winger,FC Nantes,Loan,in,Summer,0,Ligue 1,2009,2009/2010
AJ Auxerre,Willy Maeyens,20,Goalkeeper,AJ Auxerre B,-,in,Summer,0,Ligue 1,2009,2009/2010
AJ Auxerre,Maxime Bourgeois,18,Left Winger,AJ Auxerre B,-,in,Summer,0,Ligue 1,2009,2009/2010
AJ Auxerre,Kévin Malaga,22,Centre-Back,AJ Auxerre B,-,in,Summer,0,Ligue 1,2009,2009/2010
AJ Auxerre,Vincent Acapandié,19,Right-Back,AJ Auxerre B,-,in,Summer,0,Ligue 1,2009,2009/2010
AJ Auxerre,Ludovic Genest,21,Attacking Midfield,SC Bastia,"End of loanJun 30, 2009",in,Summer,0,Ligue 1,2009,2009/2010
AJ Auxerre,Baptiste Martin,24,Centre-Back,Clermont Foot,"End of loanJun 30, 2009",in,Summer,0,Ligue 1,2009,2009/2010
AJ Auxerre,Marcos António,26,Centre-Back,PAOK Salonika,"End of loanJun 30, 2009",in,Summer,0,Ligue 1,2009,2009/2010
AJ Auxerre,Alain Traoré,20,Attacking Midfield,Stade Brest 29,"End of loanJun 30, 2009",in,Summer,0,Ligue 1,2009,2009/2010
AJ Auxerre,Thomas Kahlenberg,26,Central Midfield,VfL Wolfsburg,£3.33m,out,Summer,3.33,Ligue 1,2009,2009/2010
AJ Auxerre,Marc Fachan,20,Right-Back,Dynamo Kyiv II,Free transfer,out,Summer,0,Ligue 1,2009,2009/2010
AJ Auxerre,Ludovic Genest,21,Attacking Midfield,Stade Lavallois,Free transfer,out,Summer,0,Ligue 1,2009,2009/2010
AJ Auxerre,Maxime Jasse,21,Central Midfield,Dijon,Loan,out,Summer,0,Ligue 1,2009,2009/2010
AJ Auxerre,Lynel Kitambala,20,Centre-Forward,Dijon,Loan,out,Summer,0,Ligue 1,2009,2009/2010
AJ Auxerre,Denis Petric,21,Goalkeeper,Cassis Carnoux,Free transfer,out,Summer,0,Ligue 1,2009,2009/2010
AJ Auxerre,Maurice Dalé,24,Centre-Forward,AC Arles-Avignon,Free transfer,out,Summer,0,Ligue 1,2009,2009/2010
AJ Auxerre,Steeven Langil,21,Left Winger,SM Caen,Loan,out,Summer,0,Ligue 1,2009,2009/2010
AJ Auxerre,Issa Ba,27,Central Midfield,Without Club,-,out,Summer,0,Ligue 1,2009,2009/2010
AJ Auxerre,Valter Birsa,22,Attacking Midfield,FC Sochaux,"End of loanJun 30, 2009",out,Summer,0,Ligue 1,2009,2009/2010
FC Toulouse,Paulo Machado,23,Central Midfield,FC Porto,£3.15m,in,Summer,3.15,Ligue 1,2009,2009/2010
FC Toulouse,Luan,20,Left Winger,São Caetano,£2.25m,in,Summer,2.25,Ligue 1,2009,2009/2010
FC Toulouse,Yohann Pelé,26,Goalkeeper,Le Mans UC 72,Free transfer,in,Summer,0,Ligue 1,2009,2009/2010
FC Toulouse,Antoine Devaux,24,Central Midfield,US Boulogne,Free transfer,in,Summer,0,Ligue 1,2009,2009/2010
FC Toulouse,Dany Nounkeu,23,Centre-Back,Pau FC,Free transfer,in,Summer,0,Ligue 1,2009,2009/2010
FC Toulouse,Marc Vidal,18,Goalkeeper,Toulouse B,-,in,Summer,0,Ligue 1,2009,2009/2010
FC Toulouse,Jean-Joël Perrier-Doumbé,31,Right-Back,Without Club,-,in,Summer,0,Ligue 1,2009,2009/2010
FC Toulouse,Kévin Dupuis,22,Centre-Forward,Rodez AF,"End of loanJun 30, 2009",in,Summer,0,Ligue 1,2009,2009/2010
FC Toulouse,Hérita Ilunga,27,Left-Back,West Ham,"End of loanJun 30, 2009",in,Summer,0,Ligue 1,2009,2009/2010
FC Toulouse,Pavel Fort,26,Centre-Forward,Slavia Prague,"End of loanJun 30, 2009",in,Summer,0,Ligue 1,2009,2009/2010
FC Toulouse,Cédric Carrasso,27,Goalkeeper,G. Bordeaux,£7.20m,out,Summer,7.2,Ligue 1,2009,2009/2010
FC Toulouse,Hérita Ilunga,27,Left-Back,West Ham,£3.15m,out,Summer,3.15,Ligue 1,2009,2009/2010
FC Toulouse,Pavel Fort,26,Centre-Forward,Arm. Bielefeld,£405Th.,out,Summer,0.405,Ligue 1,2009,2009/2010
FC Toulouse,Anthony Ouasfane,20,Centre-Back,SCO Angers,Free transfer,out,Summer,0,Ligue 1,2009,2009/2010
FC Toulouse,Jérémy Mathieu,25,Centre-Back,Valencia,Free transfer,out,Summer,0,Ligue 1,2009,2009/2010
FC Toulouse,Bryan Bergougnoux,26,Attacking Midfield,Lecce,Free transfer,out,Summer,0,Ligue 1,2009,2009/2010
FC Toulouse,Paulo César,31,Right Midfield,Fluminense,Free transfer,out,Summer,0,Ligue 1,2009,2009/2010
FC Toulouse,Sören Larsen,27,Centre-Forward,MSV Duisburg,Loan,out,Summer,0,Ligue 1,2009,2009/2010
FC Toulouse,Alexandre Bonnet,22,Left Midfield,AC Le Havre,?,out,Summer,NA,Ligue 1,2009,2009/2010
FC Toulouse,Sébastien Hamel,33,Goalkeeper,Retired,-,out,Summer,0,Ligue 1,2009,2009/2010
OGC Nice,Anthony Mounier,21,Left Winger,Olympique Lyon,£2.25m,in,Summer,2.25,Ligue 1,2009,2009/2010
OGC Nice,Mamadou Bagayoko,30,Centre-Forward,FC Nantes,£900Th.,in,Summer,0.9,Ligue 1,2009,2009/2010
OGC Nice,Larrys Mabiala,21,Centre-Back,Paris SG,Free transfer,in,Summer,0,Ligue 1,2009,2009/2010
OGC Nice,Mickael Pote,24,Centre-Forward,Clermont Foot,Free transfer,in,Summer,0,Ligue 1,2009,2009/2010
OGC Nice,Alain Cantareil,25,Left-Back,FC Lorient,Free transfer,in,Summer,0,Ligue 1,2009,2009/2010
OGC Nice,Jonathan Quartey,21,Centre-Back,Kaizer Chiefs,?,in,Summer,NA,Ligue 1,2009,2009/2010
OGC Nice,Grégory Paisley,32,Left-Back,R. Strasbourg,?,in,Summer,NA,Ligue 1,2009,2009/2010
OGC Nice,Alaeddine Yahia,27,Centre-Back,Lens,"End of loanJun 30, 2009",in,Summer,0,Ligue 1,2009,2009/2010
OGC Nice,Ismaël Gace,22,Centre-Back,Rodez AF,"End of loanJun 30, 2009",in,Summer,0,Ligue 1,2009,2009/2010
OGC Nice,Derek Asamoah,28,Second Striker,Hamilton Acad.,"End of loanJun 30, 2009",in,Summer,0,Ligue 1,2009,2009/2010
OGC Nice,Alaeddine Yahia,27,Centre-Back,Lens,£900Th.,out,Summer,0.9,Ligue 1,2009,2009/2010
OGC Nice,Cyril Rool,34,Left-Back,Marseille,£360Th.,out,Summer,0.36,Ligue 1,2009,2009/2010
OGC Nice,Derek Asamoah,28,Second Striker,Lok. Sofia,£45Th.,out,Summer,0.045,Ligue 1,2009,2009/2010
OGC Nice,Cyril Jeunechamp,33,Defensive Midfield,Montpellier,Free transfer,out,Summer,0,Ligue 1,2009,2009/2010
OGC Nice,Cédric Kanté,29,Centre-Back,Panathinaikos,Free transfer,out,Summer,0,Ligue 1,2009,2009/2010
OGC Nice,Nduka Ozokwo,20,Right Winger,Gateway FC,?,out,Summer,NA,Ligue 1,2009,2009/2010
OGC Nice,Anthony Modeste,21,Centre-Forward,SCO Angers,Loan,out,Summer,0,Ligue 1,2009,2009/2010
OGC Nice,Adeílson,23,Centre-Forward,Fluminense,Loan,out,Summer,0,Ligue 1,2009,2009/2010
OGC Nice,Vincent Hognon,34,Centre-Back,Retired,-,out,Summer,0,Ligue 1,2009,2009/2010
OGC Nice,Patrick Barul,31,Right-Back,Without Club,-,out,Summer,0,Ligue 1,2009,2009/2010
OGC Nice,Matt Moussilou,27,Centre-Forward,Without Club,-,out,Summer,0,Ligue 1,2009,2009/2010
Paris Saint-Germain,Mevlüt Erdinc,22,Centre-Forward,FC Sochaux,£7.65m,in,Summer,7.65,Ligue 1,2009,2009/2010
Paris Saint-Germain,Mateja Kezman,30,Centre-Forward,Fenerbahce,£3.33m,in,Summer,3.33,Ligue 1,2009,2009/2010
Paris Saint-Germain,Christophe Jallet,25,Right-Back,FC Lorient,£2.25m,in,Summer,2.25,Ligue 1,2009,2009/2010
Paris Saint-Germain,Grégory Coupet,36,Goalkeeper,Atlético Madrid,£720Th.,in,Summer,0.72,Ligue 1,2009,2009/2010
Paris Saint-Germain,Willy Grondin,34,Goalkeeper,Valenciennes FC,Free transfer,in,Summer,0,Ligue 1,2009,2009/2010
Paris Saint-Germain,Souza,30,Attacking Midfield,Grêmio,"End of loanJun 30, 2009",in,Summer,0,Ligue 1,2009,2009/2010
Paris Saint-Germain,Éverton Santos,22,Centre-Forward,Fluminense,"End of loanJun 30, 2009",in,Summer,0,Ligue 1,2009,2009/2010
Paris Saint-Germain,Albert Baning,24,Defensive Midfield,Grenoble,"End of loanJun 30, 2009",in,Summer,0,Ligue 1,2009,2009/2010
Paris Saint-Germain,Yannick Boli,21,Centre-Forward,AC Le Havre,"End of loanJun 30, 2009",in,Summer,0,Ligue 1,2009,2009/2010
Paris Saint-Germain,Granddi N'Goyi,21,Defensive Midfield,Clermont Foot,"End of loanJun 30, 2009",in,Summer,0,Ligue 1,2009,2009/2010
Paris Saint-Germain,Younousse Sankharé,19,Central Midfield,Stade Reims,"End of loanJun 30, 2009",in,Summer,0,Ligue 1,2009,2009/2010
Paris Saint-Germain,Youssouf Mulumbu,22,Defensive Midfield,West Brom,"End of loanJun 30, 2009",in,Summer,0,Ligue 1,2009,2009/2010
Paris Saint-Germain,Souza,30,Attacking Midfield,Grêmio,£1.98m,out,Summer,1.98,Ligue 1,2009,2009/2010
Paris Saint-Germain,Mickaël Landreau,30,Goalkeeper,LOSC Lille,£1.44m,out,Summer,1.44,Ligue 1,2009,2009/2010
Paris Saint-Germain,Jérôme Rothen,31,Left Midfield,Rangers,Loan fee:£450Th.,out,Summer,0.45,Ligue 1,2009,2009/2010
Paris Saint-Germain,Youssouf Mulumbu,22,Defensive Midfield,West Brom,£180Th.,out,Summer,0.18,Ligue 1,2009,2009/2010
Paris Saint-Germain,Larrys Mabiala,21,Centre-Back,OGC Nice,Free transfer,out,Summer,0,Ligue 1,2009,2009/2010
Paris Saint-Germain,Éverton Santos,22,Centre-Forward,Albirex Niigata,Loan,out,Summer,0,Ligue 1,2009,2009/2010
Paris Saint-Germain,Mateja Kezman,30,Centre-Forward,Zenit S-Pb,Loan,out,Summer,0,Ligue 1,2009,2009/2010
Paris Saint-Germain,Adama Traoré,20,Second Striker,SR Saint-Dié,?,out,Summer,NA,Ligue 1,2009,2009/2010
Paris Saint-Germain,Fabrice Pancrate,29,Right Winger,Without Club,-,out,Summer,0,Ligue 1,2009,2009/2010
Paris Saint-Germain,Stéphane Véron,23,Goalkeeper,Without Club,-,out,Summer,0,Ligue 1,2009,2009/2010
Paris Saint-Germain,Mateja Kezman,30,Centre-Forward,Fenerbahce,"End of loanJun 30, 2009",out,Summer,0,Ligue 1,2009,2009/2010
AS Saint-Étienne,Gonzalo Bergessio,25,Centre-Forward,San Lorenzo,£5.58m,in,Summer,5.58,Ligue 1,2009,2009/2010
AS Saint-Étienne,Boubacar Sanogo,26,Centre-Forward,Werder Bremen,£4.50m,in,Summer,4.5,Ligue 1,2009,2009/2010
AS Saint-Étienne,Gelson Fernandes,22,Defensive Midfield,Man City,£3.15m,in,Summer,3.15,Ligue 1,2009,2009/2010
AS Saint-Étienne,Bakary Sako,21,Left Winger,LB Châteauroux,£2.70m,in,Summer,2.7,Ligue 1,2009,2009/2010
AS Saint-Étienne,Guirane N'Daw,25,Defensive Midfield,FC Nantes,Loan fee:£900Th.,in,Summer,0.9,Ligue 1,2009,2009/2010
AS Saint-Étienne,Vincent Planté,28,Goalkeeper,SM Caen,£720Th.,in,Summer,0.72,Ligue 1,2009,2009/2010
AS Saint-Étienne,Augusto Fernández,23,Central Midfield,River Plate,Free transfer,in,Summer,0,Ligue 1,2009,2009/2010
AS Saint-Étienne,Yoann Andreu,20,Left-Back,Saint-Étienne B,-,in,Summer,0,Ligue 1,2009,2009/2010
AS Saint-Étienne,Maodomalick Faye,21,Centre-Forward,Tours FC,"End of loanJun 30, 2009",in,Summer,0,Ligue 1,2009,2009/2010
AS Saint-Étienne,Jessy Moulin,23,Goalkeeper,AC Arles-Avignon,"End of loanJun 30, 2009",in,Summer,0,Ligue 1,2009,2009/2010
AS Saint-Étienne,Samy Houri,23,Attacking Midfield,AC Arles-Avignon,"End of loanJun 30, 2009",in,Summer,0,Ligue 1,2009,2009/2010
AS Saint-Étienne,Lasse Nilsson,27,Centre-Forward,Vitesse,"End of loanJun 30, 2009",in,Summer,0,Ligue 1,2009,2009/2010
AS Saint-Étienne,Bafétimbi Gomis,23,Centre-Forward,Olympique Lyon,£11.70m,out,Summer,11.7,Ligue 1,2009,2009/2010
AS Saint-Étienne,Daisuke Matsui,28,Left Midfield,Grenoble,£900Th.,out,Summer,0.9,Ligue 1,2009,2009/2010
AS Saint-Étienne,Jody Viviani,27,Goalkeeper,Grenoble,£360Th.,out,Summer,0.36,Ligue 1,2009,2009/2010
AS Saint-Étienne,Geoffrey Dernis,28,Left Winger,Montpellier,Free transfer,out,Summer,0,Ligue 1,2009,2009/2010
AS Saint-Étienne,Lasse Nilsson,27,Centre-Forward,Vitesse,Free transfer,out,Summer,0,Ligue 1,2009,2009/2010
AS Saint-Étienne,Sébastien Grax,25,Centre-Forward,Guingamp,Loan,out,Summer,0,Ligue 1,2009,2009/2010
AS Saint-Étienne,Jessy Moulin,23,Goalkeeper,Fréjus-St-Raph.,Loan,out,Summer,0,Ligue 1,2009,2009/2010
AS Saint-Étienne,Samy Houri,24,Attacking Midfield,KV Oostende,Free transfer,out,Summer,0,Ligue 1,2009,2009/2010
AS Saint-Étienne,David Sauget,29,Left-Back,Grenoble,Free transfer,out,Summer,0,Ligue 1,2009,2009/2010
AS Saint-Étienne,Paulo Machado,23,Central Midfield,FC Porto,"End of loanJun 1, 2009",out,Summer,0,Ligue 1,2009,2009/2010
US Boulogne,Bakary Soumaré,23,Centre-Back,Chicago Fire,£900Th.,in,Summer,0.9,Ligue 1,2009,2009/2010
US Boulogne,Mathieu Valverde,26,Goalkeeper,G. Bordeaux,£450Th.,in,Summer,0.45,Ligue 1,2009,2009/2010
US Boulogne,Laurent Karim Agouazi,25,Defensive Midfield,FC Metz,Free transfer,in,Summer,0,Ligue 1,2009,2009/2010
US Boulogne,Frédéric Da Rocha,34,Right Winger,FC Nantes,Free transfer,in,Summer,0,Ligue 1,2009,2009/2010
US Boulogne,Kévin Das Neves,23,Defensive Midfield,FC Nantes,Free transfer,in,Summer,0,Ligue 1,2009,2009/2010
US Boulogne,Guillaume Borne,21,Right-Back,Stade Rennais,Free transfer,in,Summer,0,Ligue 1,2009,2009/2010
US Boulogne,Olubayo Adefemi,23,Right Midfield,SCR Altach,Free transfer,in,Summer,0,Ligue 1,2009,2009/2010
US Boulogne,Bira Dembélé,21,Centre-Back,Stade Rennais,Loan,in,Summer,0,Ligue 1,2009,2009/2010
US Boulogne,Fabien Robert,20,Left Midfield,FC Lorient,Loan,in,Summer,0,Ligue 1,2009,2009/2010
US Boulogne,Daniel Moreira,32,Second Striker,Stade Rennais,Free transfer,in,Summer,0,Ligue 1,2009,2009/2010
US Boulogne,Ovidy Karuru,20,Right Winger,Masvingo Utd.,?,in,Summer,NA,Ligue 1,2009,2009/2010
US Boulogne,Dorian Lévêque,19,Left-Back,Boulogne B,-,in,Summer,0,Ligue 1,2009,2009/2010
US Boulogne,Lakdar Boussaha,21,Centre-Forward,Boulogne B,-,in,Summer,0,Ligue 1,2009,2009/2010
US Boulogne,Matt Moussilou,27,Centre-Forward,Without Club,-,in,Summer,0,Ligue 1,2009,2009/2010
US Boulogne,Steven Mouyokolo,22,Centre-Back,Hull City,£1.94m,out,Summer,1.94,Ligue 1,2009,2009/2010
US Boulogne,Christian Kinkela,27,Right Midfield,AC Ajaccio,Free transfer,out,Summer,0,Ligue 1,2009,2009/2010
US Boulogne,Alain N'Kong,30,Midfielder,Indios,Free transfer,out,Summer,0,Ligue 1,2009,2009/2010
US Boulogne,Antoine Devaux,24,Central Midfield,Toulouse,Free transfer,out,Summer,0,Ligue 1,2009,2009/2010
US Boulogne,Paulin Voavy,21,Left Winger,Évian,Loan,out,Summer,0,Ligue 1,2009,2009/2010
US Boulogne,Matthieu Labbé,24,Right Midfield,USL Dunkerque,Free transfer,out,Summer,0,Ligue 1,2009,2009/2010
US Boulogne,Ibrahima Sané,19,Centre-Forward,Sp. Toulon Var,Loan,out,Summer,0,Ligue 1,2009,2009/2010
US Boulogne,Jonas,25,Centre-Back,Without Club,-,out,Summer,0,Ligue 1,2009,2009/2010
US Boulogne,David Vandenbossche,28,Midfielder,Without Club,-,out,Summer,0,Ligue 1,2009,2009/2010
US Boulogne,Yannick Busin,37,Defender,Retired,-,out,Summer,0,Ligue 1,2009,2009/2010
US Boulogne,Ima Andriatsima,25,Centre-Forward,FC Nantes,"End of loanJun 30, 2009",out,Summer,0,Ligue 1,2009,2009/2010
FC Girondins Bordeaux,Paul Lasne,20,Defensive Midfield,LB Châteauroux,Loan,out,Winter,0,Ligue 1,2009,2009/2010
FC Girondins Bordeaux,Grzegorz Krychowiak,19,Defensive Midfield,Stade Reims,Loan,out,Winter,0,Ligue 1,2009,2009/2010
Montpellier HSC,Garry Bocaly,21,Right-Back,Marseille,Loan,in,Winter,0,Ligue 1,2009,2009/2010
Montpellier HSC,Nicolas Sahnoun,29,Defensive Midfield,Racing Ferrol,"End of loanMar 1, 2010",in,Winter,0,Ligue 1,2009,2009/2010
Olympique Lyon,Dejan Lovren,20,Centre-Back,Dinamo Zagreb,£7.20m,in,Winter,7.2,Ligue 1,2009,2009/2010
Olympique Lyon,Romain Beynié,22,Defensive Midfield,FC Gueugnon,Free transfer,out,Winter,0,Ligue 1,2009,2009/2010
LOSC Lille,Ricardo Costa,28,Centre-Back,VfL Wolfsburg,£450Th.,in,Winter,0.45,Ligue 1,2009,2009/2010
LOSC Lille,Marko Maric,26,Defensive Midfield,Skoda Xanthi,Free transfer,out,Winter,0,Ligue 1,2009,2009/2010
LOSC Lille,Emil Lyng,20,Second Striker,Zulte Waregem,Loan,out,Winter,0,Ligue 1,2009,2009/2010
LOSC Lille,Róbert Vittek,27,Centre-Forward,Ankaragücü,Loan,out,Winter,0,Ligue 1,2009,2009/2010
FC Lorient,Grégory Bourillon,25,Centre-Back,Paris SG,£1.53m,in,Winter,1.53,Ligue 1,2009,2009/2010
FC Lorient,Sebastián Dubarbier,23,Left-Back,CFR Cluj,£1.35m,in,Winter,1.35,Ligue 1,2009,2009/2010
AS Nancy-Lorraine,Thomas Gaudu,22,Goalkeeper,AS Moulins,"End of loanJan 22, 2010",in,Winter,0,Ligue 1,2009,2009/2010
AS Nancy-Lorraine,Samba Diakité,20,Defensive Midfield,AS Nancy B,-,in,Winter,0,Ligue 1,2009,2009/2010
AS Nancy-Lorraine,Veigar Páll Gunnarsson,29,Second Striker,Stabæk Fotball,£225Th.,out,Winter,0.225,Ligue 1,2009,2009/2010
AS Nancy-Lorraine,Jean Calvé,25,Right-Back,Grenoble,Loan,out,Winter,0,Ligue 1,2009,2009/2010
Le Mans Union Club 72,Almen Abdi,23,Central Midfield,FC Zürich,£300Th.,in,Winter,0.3,Ligue 1,2009,2009/2010
Le Mans Union Club 72,Idir Ouali,21,Right Winger,Exc. Mouscron,Free transfer,in,Winter,0,Ligue 1,2009,2009/2010
Le Mans Union Club 72,Olivier Thomert,29,Left Midfield,Stade Rennais,Free transfer,in,Winter,0,Ligue 1,2009,2009/2010
Le Mans Union Club 72,Moussa Narry,23,Defensive Midfield,AJ Auxerre,Loan,in,Winter,0,Ligue 1,2009,2009/2010
Le Mans Union Club 72,Marcelo Estigarribia,22,Left Midfield,Newell's,Loan,out,Winter,0,Ligue 1,2009,2009/2010
Le Mans Union Club 72,Ibrahima Camara,25,Left-Back,FC Nantes,Loan,out,Winter,0,Ligue 1,2009,2009/2010
Le Mans Union Club 72,Alphousseyni Keita,24,Defensive Midfield,Nîmes Olympique,?,out,Winter,NA,Ligue 1,2009,2009/2010
Le Mans Union Club 72,Saber Ben Frej,30,Right-Back,Without Club,-,out,Winter,0,Ligue 1,2009,2009/2010
Grenoble Foot 38,François Marque,26,Centre-Back,FC Basel,Free transfer,in,Winter,0,Ligue 1,2009,2009/2010
Grenoble Foot 38,Jean Calvé,25,Right-Back,AS Nancy,Loan,in,Winter,0,Ligue 1,2009,2009/2010
Grenoble Foot 38,Milos Dimitrijevic,25,Central Midfield,Rad,Free transfer,out,Winter,0,Ligue 1,2009,2009/2010
Grenoble Foot 38,Laurent Macquet,30,Central Midfield,Vannes,Free transfer,out,Winter,0,Ligue 1,2009,2009/2010
Valenciennes FC,Benjamin Angoua,23,Centre-Back,Honvéd,£450Th.,in,Winter,0.45,Ligue 1,2009,2009/2010
Valenciennes FC,Bobo Balde,33,Centre-Back,Without Club,-,in,Winter,0,Ligue 1,2009,2009/2010
Valenciennes FC,Luigi Pieroni,29,Centre-Forward,KAA Gent,£450Th.,out,Winter,0.45,Ligue 1,2009,2009/2010
Valenciennes FC,Dame Traoré,23,Centre-Back,Lekhwiya,Free transfer,out,Winter,0,Ligue 1,2009,2009/2010
Valenciennes FC,Mody Traoré,29,Right-Back,AC Ajaccio,Loan,out,Winter,0,Ligue 1,2009,2009/2010
RC Lens,Henri Bedimo,25,Left-Back,LB Châteauroux,?,in,Winter,NA,Ligue 1,2009,2009/2010
RC Lens,William Rémy,18,Centre-Back,RC Lens B,-,in,Winter,0,Ligue 1,2009,2009/2010
RC Lens,Fabien Laurenti,27,Right-Back,Stade Brest 29,Loan,out,Winter,0,Ligue 1,2009,2009/2010
RC Lens,Geoffrey Doumeng,29,Central Midfield,Tours FC,Loan,out,Winter,0,Ligue 1,2009,2009/2010
RC Lens,Steven Joseph-Monrose,19,Centre-Forward,LB Châteauroux,Loan,out,Winter,0,Ligue 1,2009,2009/2010
RC Lens,Issam El Adoua,23,Defensive Midfield,FC Nantes,Loan,out,Winter,0,Ligue 1,2009,2009/2010
FC Sochaux-Montbéliard,Brown Ideye,21,Centre-Forward,Xamax,£3.60m,in,Winter,3.6,Ligue 1,2009,2009/2010
FC Sochaux-Montbéliard,Bojan Jokic,23,Left-Back,Chievo Verona,Loan,out,Winter,0,Ligue 1,2009,2009/2010
AS Monaco,Moussa Maazou,21,Centre-Forward,CSKA Moscow,Loan fee:£630Th.,in,Winter,0.63,Ligue 1,2009,2009/2010
AS Monaco,Sani Kaita,23,Defensive Midfield,Loko Moscow,"End of loanDec 1, 2009",in,Winter,0,Ligue 1,2009,2009/2010
AS Monaco,Frédéric Nimani,21,Centre-Forward,Burnley,Loan,out,Winter,0,Ligue 1,2009,2009/2010
AS Monaco,Serge Gakpé,22,Right Winger,Tours FC,Loan,out,Winter,0,Ligue 1,2009,2009/2010
AS Monaco,Eidur Gudjohnsen,31,Centre-Forward,Spurs,Loan,out,Winter,0,Ligue 1,2009,2009/2010
AS Monaco,Sani Kaita,23,Defensive Midfield,Spartak V-kavkaz,Loan,out,Winter,0,Ligue 1,2009,2009/2010
Olympique Marseille,Cédric D'Ulivo,20,Right-Back,Cassis Carnoux,Loan,out,Winter,0,Ligue 1,2009,2009/2010
Olympique Marseille,Hilaire Muñoz,26,Goalkeeper,Cassis Carnoux,Free transfer,out,Winter,0,Ligue 1,2009,2009/2010
Olympique Marseille,Mohamed Dennoun,23,Attacking Midfield,Amiens SC,Loan,out,Winter,0,Ligue 1,2009,2009/2010
Olympique Marseille,Garry Bocaly,21,Right-Back,Montpellier,Loan,out,Winter,0,Ligue 1,2009,2009/2010
Stade Rennais FC,Abdoulaye Diallo,17,Goalkeeper,Rennes B,-,in,Winter,0,Ligue 1,2009,2009/2010
Stade Rennais FC,Lucien Aubey,25,Centre-Back,Sivasspor,£1.35m,out,Winter,1.35,Ligue 1,2009,2009/2010
Stade Rennais FC,Junichi Inamoto,30,Defensive Midfield,Kawasaki Front.,£137Th.,out,Winter,0.137,Ligue 1,2009,2009/2010
Stade Rennais FC,Kévin Bru,21,Central Midfield,Dijon,Free transfer,out,Winter,0,Ligue 1,2009,2009/2010
Stade Rennais FC,Bruno Cheyrou,31,Central Midfield,Anorthosis,Free transfer,out,Winter,0,Ligue 1,2009,2009/2010
Stade Rennais FC,Olivier Thomert,29,Left Midfield,Le Mans UC 72,Free transfer,out,Winter,0,Ligue 1,2009,2009/2010
AJ Auxerre,Gabriel Tamas,26,Centre-Back,Dinamo Bucarest,"End of loanDec 1, 2009",in,Winter,0,Ligue 1,2009,2009/2010
AJ Auxerre,Gabriel Tamas,26,Centre-Back,West Brom,Loan fee:£900Th.,out,Winter,0.9,Ligue 1,2009,2009/2010
AJ Auxerre,Kevin Lejeune,24,Left Midfield,FC Nantes,Free transfer,out,Winter,0,Ligue 1,2009,2009/2010
AJ Auxerre,Marcos António,26,Centre-Back,Belenenses SAD,Free transfer,out,Winter,0,Ligue 1,2009,2009/2010
AJ Auxerre,Moussa Narry,23,Defensive Midfield,Le Mans UC 72,Loan,out,Winter,0,Ligue 1,2009,2009/2010
FC Toulouse,Colin Kazim-Richards,23,Centre-Forward,Fenerbahce,Loan,in,Winter,0,Ligue 1,2009,2009/2010
FC Toulouse,Mathieu Valverde,26,Goalkeeper,US Boulogne,?,in,Winter,NA,Ligue 1,2009,2009/2010
FC Toulouse,Jean-Joël Perrier-Doumbé,31,Right-Back,Without Club,-,in,Winter,0,Ligue 1,2009,2009/2010
FC Toulouse,Xavier Pentecôte,23,Centre-Forward,SC Bastia,Loan,out,Winter,0,Ligue 1,2009,2009/2010
OGC Nice,Didier Digard,23,Defensive Midfield,Middlesbrough,Loan,in,Winter,0,Ligue 1,2009,2009/2010
OGC Nice,Renato Civelli,26,Centre-Back,San Lorenzo,Loan,in,Winter,0,Ligue 1,2009,2009/2010
Paris Saint-Germain,Jérôme Rothen,31,Left Midfield,Rangers,"End of loanJan 28, 2010",in,Winter,0,Ligue 1,2009,2009/2010
Paris Saint-Germain,Éverton Santos,23,Centre-Forward,Albirex Niigata,"End of loanDec 1, 2009",in,Winter,0,Ligue 1,2009,2009/2010
Paris Saint-Germain,Mateja Kezman,30,Centre-Forward,Zenit S-Pb,"End of loanDec 1, 2009",in,Winter,0,Ligue 1,2009,2009/2010
Paris Saint-Germain,Grégory Bourillon,25,Centre-Back,FC Lorient,£1.53m,out,Winter,1.53,Ligue 1,2009,2009/2010
Paris Saint-Germain,Yannick Boli,22,Centre-Forward,Nîmes Olympique,£90Th.,out,Winter,0.09,Ligue 1,2009,2009/2010
Paris Saint-Germain,Loris Arnaud,22,Centre-Forward,Clermont Foot,Loan,out,Winter,0,Ligue 1,2009,2009/2010
Paris Saint-Germain,Albert Baning,24,Defensive Midfield,R. Strasbourg,Loan,out,Winter,0,Ligue 1,2009,2009/2010
Paris Saint-Germain,Jérôme Rothen,31,Left Midfield,Ankaragücü,Loan,out,Winter,0,Ligue 1,2009,2009/2010
Paris Saint-Germain,Éverton Santos,23,Centre-Forward,Goiás EC,Loan,out,Winter,0,Ligue 1,2009,2009/2010
AS Saint-Étienne,Pape Diakhaté,25,Centre-Back,Dynamo Kyiv,Loan,in,Winter,0,Ligue 1,2009,2009/2010
AS Saint-Étienne,David Gigliotti,24,Centre-Forward,AC Le Havre,Free transfer,out,Winter,0,Ligue 1,2009,2009/2010
AS Saint-Étienne,Amine Linganzi,20,Central Midfield,Blackburn,Free transfer,out,Winter,0,Ligue 1,2009,2009/2010
AS Saint-Étienne,Ilan,29,Centre-Forward,West Ham,Free transfer,out,Winter,0,Ligue 1,2009,2009/2010
US Boulogne,Juan Gonzalo Lorca,24,Centre-Forward,Colo Colo,£347Th.,in,Winter,0.347,Ligue 1,2009,2009/2010
US Boulogne,Habib Bellaid,23,Centre-Back,E. Frankfurt,Loan fee:£135Th.,in,Winter,0.135,Ligue 1,2009,2009/2010
US Boulogne,Olivier Kapo,29,Attacking Midfield,Wigan,Loan,in,Winter,0,Ligue 1,2009,2009/2010
US Boulogne,Mustapha Yatabaré,23,Centre-Forward,Clermont Foot,?,in,Winter,NA,Ligue 1,2009,2009/2010
US Boulogne,Matt Moussilou,27,Centre-Forward,Without Club,-,in,Winter,0,Ligue 1,2009,2009/2010
US Boulogne,Mathieu Valverde,26,Goalkeeper,Toulouse,?,out,Winter,NA,Ligue 1,2009,2009/2010
