club_name,player_name,age,position,club_involved_name,fee,transfer_movement,transfer_period,fee_cleaned,league_name,year,season
Racing Santander,Álex Geijo,27,Centre-Forward,Levante,£2.25m,in,Summer,2.25,Primera Division,2009,2009/2010
Racing Santander,Marc Torrejón,23,Centre-Back,Espanyol,£1.35m,in,Summer,1.35,Primera Division,2009,2009/2010
Racing Santander,Pape Diop,23,Defensive Midfield,Gimnàstic,£1.08m,in,Summer,1.08,Primera Division,2009,2009/2010
Racing Santander,José Crespo,22,Centre-Back,Sevilla FC,Loan fee:£450Th.,in,Summer,0.45,Primera Division,2009,2009/2010
Racing Santander,Nasief Morris,28,Centre-Back,Panathinaikos,Loan fee:£270Th.,in,Summer,0.27,Primera Division,2009,2009/2010
Racing Santander,Henrique,22,Centre-Back,FC Barcelona,Loan,in,Summer,0,Primera Division,2009,2009/2010
Racing Santander,Luis García,31,Right Winger,Atlético Madrid,Free transfer,in,Summer,0,Primera Division,2009,2009/2010
Racing Santander,Xisco,23,Centre-Forward,Newcastle,Loan,in,Summer,0,Primera Division,2009,2009/2010
Racing Santander,Manuel Arana,24,Right Winger,CD Castellón,?,in,Summer,NA,Primera Division,2009,2009/2010
Racing Santander,Sergio Canales,18,Attacking Midfield,Racing B,-,in,Summer,0,Primera Division,2009,2009/2010
Racing Santander,Cristian Portilla,20,Central Midfield,Ponferradina,"End of loanJun 1, 2009",in,Summer,0,Primera Division,2009,2009/2010
Racing Santander,Daniel Szetela,22,Central Midfield,Brescia,"End of loanJun 30, 2009",in,Summer,0,Primera Division,2009,2009/2010
Racing Santander,Jonathan Valle,24,Attacking Midfield,Ponferradina,"End of loanJun 30, 2009",in,Summer,0,Primera Division,2009,2009/2010
Racing Santander,Iván Bolado,19,Centre-Forward,Elche CF,"End of loanJun 30, 2009",in,Summer,0,Primera Division,2009,2009/2010
Racing Santander,Ebi Smolarek,28,Centre-Forward,Bolton,"End of loanJun 30, 2009",in,Summer,0,Primera Division,2009,2009/2010
Racing Santander,Vitolo,25,Defensive Midfield,Aris Saloniki,"End of loanJun 30, 2009",in,Summer,0,Primera Division,2009,2009/2010
Racing Santander,Brian Sarmiento,19,Attacking Midfield,Xerez CD,"End of loanJun 30, 2009",in,Summer,0,Primera Division,2009,2009/2010
Racing Santander,Juanjo Expósito,23,Centre-Forward,Alavés,"End of loanJun 30, 2009",in,Summer,0,Primera Division,2009,2009/2010
Racing Santander,Damián Ísmodes,20,Attacking Midfield,SD Eibar,"End of loanJun 30, 2009",in,Summer,0,Primera Division,2009,2009/2010
Racing Santander,Iván Marcano,22,Centre-Back,Villarreal,£5.40m,out,Summer,5.4,Primera Division,2009,2009/2010
Racing Santander,Daniel Szetela,22,Central Midfield,D.C. United,Free transfer,out,Summer,0,Primera Division,2009,2009/2010
Racing Santander,Cristian Portilla,20,Central Midfield,Sporting B,Free transfer,out,Summer,0,Primera Division,2009,2009/2010
Racing Santander,Vitolo,25,Defensive Midfield,PAOK Salonika,Free transfer,out,Summer,0,Primera Division,2009,2009/2010
Racing Santander,Jorge Gonçalves,25,Right Winger,Vit. Guimarães,Loan,out,Summer,0,Primera Division,2009,2009/2010
Racing Santander,Jonathan Valle,24,Attacking Midfield,CD Castellón,?,out,Summer,NA,Primera Division,2009,2009/2010
Racing Santander,Damián Ísmodes,20,Attacking Midfield,Sport. Cristal,Loan,out,Summer,0,Primera Division,2009,2009/2010
Racing Santander,Brian Sarmiento,19,Attacking Midfield,Girona,Loan,out,Summer,0,Primera Division,2009,2009/2010
Racing Santander,Juanjo Expósito,23,Centre-Forward,Córdoba CF,Loan,out,Summer,0,Primera Division,2009,2009/2010
Racing Santander,Luis Fernández,36,Left-Back,Retired,-,out,Summer,0,Primera Division,2009,2009/2010
Racing Santander,Jonathan Pereira,22,Centre-Forward,Villarreal,"End of loanJun 30, 2009",out,Summer,0,Primera Division,2009,2009/2010
Racing Santander,Ezequiel Garay,22,Centre-Back,Real Madrid,"End of loanJun 30, 2009",out,Summer,0,Primera Division,2009,2009/2010
Racing Santander,Juan Valera,24,Right-Back,Atlético Madrid,"End of loanJun 30, 2009",out,Summer,0,Primera Division,2009,2009/2010
Racing Santander,Nikola Zigic,28,Centre-Forward,Valencia,"End of loanJun 30, 2009",out,Summer,0,Primera Division,2009,2009/2010
Racing Santander,Peter Luccin,30,Defensive Midfield,Real Zaragoza,"End of loanJun 30, 2009",out,Summer,0,Primera Division,2009,2009/2010
Getafe CF,Pedro León,22,Right Winger,Real Valladolid,£3.60m,in,Summer,3.6,Primera Division,2009,2009/2010
Getafe CF,Dani Parejo,20,Central Midfield,Real Madrid,£2.70m,in,Summer,2.7,Primera Division,2009,2009/2010
Getafe CF,Mané,27,Left-Back,UD Almería,£2.25m,in,Summer,2.25,Primera Division,2009,2009/2010
Getafe CF,Miguel Torres,23,Right-Back,Real Madrid,£1.80m,in,Summer,1.8,Primera Division,2009,2009/2010
Getafe CF,Derek Boateng,26,Defensive Midfield,1. FC Köln,£675Th.,in,Summer,0.675,Primera Division,2009,2009/2010
Getafe CF,Pedro Ríos,27,Right Winger,Xerez CD,Free transfer,in,Summer,0,Primera Division,2009,2009/2010
Getafe CF,Jordi Codina,27,Goalkeeper,Real Madrid,Free transfer,in,Summer,0,Primera Division,2009,2009/2010
Getafe CF,Adrián Sardinero,18,Right Winger,Getafe U19,-,in,Summer,0,Primera Division,2009,2009/2010
Getafe CF,Nacho,29,Left-Back,Málaga CF,"End of loanJun 30, 2009",in,Summer,0,Primera Division,2009,2009/2010
Getafe CF,David Sousa,29,Attacking Midfield,Rayo Vallecano,"End of loanJun 30, 2009",in,Summer,0,Primera Division,2009,2009/2010
Getafe CF,Ikechukwu Uche,25,Centre-Forward,Real Zaragoza,£4.95m,out,Summer,4.95,Primera Division,2009,2009/2010
Getafe CF,Esteban Granero,22,Central Midfield,Real Madrid,£3.60m,out,Summer,3.6,Primera Division,2009,2009/2010
Getafe CF,Joffre Guerrón,24,Centre-Forward,Cruzeiro,Loan fee:£1.35m,out,Summer,1.35,Primera Division,2009,2009/2010
Getafe CF,Eugen Polanski,23,Defensive Midfield,1.FSV Mainz 05,Loan fee:£360Th.,out,Summer,0.36,Primera Division,2009,2009/2010
Getafe CF,David Sousa,29,Attacking Midfield,Albacete,Free transfer,out,Summer,0,Primera Division,2009,2009/2010
Getafe CF,Nacho,29,Left-Back,Real Betis,Free transfer,out,Summer,0,Primera Division,2009,2009/2010
Getafe CF,Ibrahim Kas,22,Centre-Back,Besiktas,Loan,out,Summer,0,Primera Division,2009,2009/2010
Getafe CF,Mario Cotelo,34,Right Midfield,Retired,-,out,Summer,0,Primera Division,2009,2009/2010
Getafe CF,Jacobo Sanz,25,Goalkeeper,Real Valladolid,"End of loanJun 30, 2009",out,Summer,0,Primera Division,2009,2009/2010
Getafe CF,Vladimir Stojkovic,25,Goalkeeper,Sporting CP,"End of loanJun 30, 2009",out,Summer,0,Primera Division,2009,2009/2010
UD Almería,Hernán Bernardello,22,Defensive Midfield,Newell's,£2.70m,in,Summer,2.7,Primera Division,2009,2009/2010
UD Almería,Henok Goitom,24,Centre-Forward,Real Murcia,£1.98m,in,Summer,1.98,Primera Division,2009,2009/2010
UD Almería,Fabián Vargas,29,Central Midfield,Boca Juniors,Free transfer,in,Summer,0,Primera Division,2009,2009/2010
UD Almería,Álex Quillo,22,Central Midfield,Atl. Madrid B,Free transfer,in,Summer,0,Primera Division,2009,2009/2010
UD Almería,Modeste M'Bami,26,Defensive Midfield,Without Club,-,in,Summer,0,Primera Division,2009,2009/2010
UD Almería,Leonardo Borzani,27,Defensive Midfield,Without Club,-,in,Summer,0,Primera Division,2009,2009/2010
UD Almería,Domingo Cisma,27,Left-Back,CD Numancia,"End of loanJun 30, 2009",in,Summer,0,Primera Division,2009,2009/2010
UD Almería,David Rodríguez,23,Centre-Forward,Celta de Vigo,"End of loanJun 30, 2009",in,Summer,0,Primera Division,2009,2009/2010
UD Almería,Natalio,24,Right Winger,Córdoba CF,"End of loanJun 30, 2009",in,Summer,0,Primera Division,2009,2009/2010
UD Almería,Álvaro Negredo,23,Centre-Forward,Real Madrid,£4.50m,out,Summer,4.5,Primera Division,2009,2009/2010
UD Almería,Mané,27,Left-Back,Getafe,£2.25m,out,Summer,2.25,Primera Division,2009,2009/2010
UD Almería,Bruno,28,Right-Back,Valencia,Free transfer,out,Summer,0,Primera Division,2009,2009/2010
UD Almería,Iriney,28,Central Midfield,Real Betis,Free transfer,out,Summer,0,Primera Division,2009,2009/2010
UD Almería,Julio Álvarez,28,Attacking Midfield,RCD Mallorca,Free transfer,out,Summer,0,Primera Division,2009,2009/2010
UD Almería,Salim Lazreg,19,Defender,Berliner AK,Free transfer,out,Summer,0,Primera Division,2009,2009/2010
UD Almería,Carlos García,25,Centre-Back,Real Betis,Loan,out,Summer,0,Primera Division,2009,2009/2010
UD Almería,Juanito,29,Defensive Midfield,Málaga CF,?,out,Summer,NA,Primera Division,2009,2009/2010
UD Almería,Natalio,24,Right Winger,Real Murcia,Loan,out,Summer,0,Primera Division,2009,2009/2010
Sporting Gijón,Juan Pablo,30,Goalkeeper,CD Numancia,£540Th.,in,Summer,0.54,Primera Division,2009,2009/2010
Sporting Gijón,Grégory Arnolin,28,Centre-Back,Vit. Guimarães,£450Th.,in,Summer,0.45,Primera Division,2009,2009/2010
Sporting Gijón,Miguel de las Cuevas,23,Right Winger,Atlético Madrid,£270Th.,in,Summer,0.27,Primera Division,2009,2009/2010
Sporting Gijón,Alberto Rivera,31,Central Midfield,Real Betis,Free transfer,in,Summer,0,Primera Division,2009,2009/2010
Sporting Gijón,Alberto Botía,20,Centre-Back,FC Barcelona B,Loan,in,Summer,0,Primera Division,2009,2009/2010
Sporting Gijón,José Ángel,19,Left-Back,Sporting B,-,in,Summer,0,Primera Division,2009,2009/2010
Sporting Gijón,Noel Alonso,22,Left-Back,UD Melilla,"End of loanJun 30, 2009",in,Summer,0,Primera Division,2009,2009/2010
Sporting Gijón,Jony López,22,Centre-Back,FC Barcelona B,"End of loanJun 30, 2009",in,Summer,0,Primera Division,2009,2009/2010
Sporting Gijón,Marcos Landeira,22,Central Midfield,UD Melilla,"End of loanJun 30, 2009",in,Summer,0,Primera Division,2009,2009/2010
Sporting Gijón,Raúl Cámara,25,Right-Back,Recr. Huelva,Free transfer,out,Summer,0,Primera Division,2009,2009/2010
Sporting Gijón,Neru,35,Left-Back,Alavés,Free transfer,out,Summer,0,Primera Division,2009,2009/2010
Sporting Gijón,Jürgen Colin,28,Centre-Back,RKC Waalwijk,Free transfer,out,Summer,0,Primera Division,2009,2009/2010
Sporting Gijón,Noel Alonso,22,Left-Back,Pontevedra,Free transfer,out,Summer,0,Primera Division,2009,2009/2010
Sporting Gijón,Sergio Sánchez,32,Goalkeeper,Retired,-,out,Summer,0,Primera Division,2009,2009/2010
Sporting Gijón,Sergio Sánchez,32,Goalkeeper,Retired,-,out,Summer,0,Primera Division,2009,2009/2010
Sporting Gijón,Jony López,22,Centre-Back,Sporting B,-,out,Summer,0,Primera Division,2009,2009/2010
Sporting Gijón,Iñaki Lafuente,33,Goalkeeper,Athletic,"End of loanJun 30, 2009",out,Summer,0,Primera Division,2009,2009/2010
Málaga CF,Edinho,26,Centre-Forward,AEK Athens,£810Th.,in,Summer,0.81,Primera Division,2009,2009/2010
Málaga CF,Duda,29,Left Midfield,Sevilla FC,£630Th.,in,Summer,0.63,Primera Division,2009,2009/2010
Málaga CF,Albert Luque,31,Left Winger,Ajax,Free transfer,in,Summer,0,Primera Division,2009,2009/2010
Málaga CF,Valdo,28,Right Winger,Espanyol,Loan,in,Summer,0,Primera Division,2009,2009/2010
Málaga CF,Jordi Pablo,19,Right Midfield,Villarreal,Free transfer,in,Summer,0,Primera Division,2009,2009/2010
Málaga CF,Patrick Mtiliga,28,Left-Back,NAC Breda,Free transfer,in,Summer,0,Primera Division,2009,2009/2010
Málaga CF,Gustavo Munúa,31,Goalkeeper,Dep. La Coruña,Free transfer,in,Summer,0,Primera Division,2009,2009/2010
Málaga CF,Xavi Torres,22,Central Midfield,FC Barcelona B,Free transfer,in,Summer,0,Primera Division,2009,2009/2010
Málaga CF,Selim Benachour,27,Attacking Midfield,Al-Qadsia SC,Free transfer,in,Summer,0,Primera Division,2009,2009/2010
Málaga CF,Victor Obinna,22,Second Striker,Inter,Loan,in,Summer,0,Primera Division,2009,2009/2010
Málaga CF,Juanito,29,Defensive Midfield,UD Almería,?,in,Summer,NA,Primera Division,2009,2009/2010
Málaga CF,Roberto Santamaría,24,Goalkeeper,UD Las Palmas,Loan,in,Summer,0,Primera Division,2009,2009/2010
Málaga CF,Milan Stepanov,26,Centre-Back,FC Porto,Loan,in,Summer,0,Primera Division,2009,2009/2010
Málaga CF,Fernando Forestieri,19,Second Striker,Genoa,Loan,in,Summer,0,Primera Division,2009,2009/2010
Málaga CF,Edu Ramos,17,Central Midfield,A. Malagueño,-,in,Summer,0,Primera Division,2009,2009/2010
Málaga CF,Manu Torres,19,Centre-Back,A. Malagueño,-,in,Summer,0,Primera Division,2009,2009/2010
Málaga CF,Iván González,21,Centre-Back,A. Malagueño,-,in,Summer,0,Primera Division,2009,2009/2010
Málaga CF,Daniel Orozco,23,Centre-Back,Málaga U19,-,in,Summer,0,Primera Division,2009,2009/2010
Málaga CF,Álvaro Silva,25,Centre-Back,Xerez CD,"End of loanJun 30, 2009",in,Summer,0,Primera Division,2009,2009/2010
Málaga CF,Eliseu,25,Left-Back,Lazio,£810Th.,out,Summer,0.81,Primera Division,2009,2009/2010
Málaga CF,Javier Calleja,31,Left Midfield,CA Osasuna,Free transfer,out,Summer,0,Primera Division,2009,2009/2010
Málaga CF,Iñaki Goitia,27,Goalkeeper,Real Betis,Free transfer,out,Summer,0,Primera Division,2009,2009/2010
Málaga CF,Fabiano Rossato,31,Left-Back,UD Salamanca,Free transfer,out,Summer,0,Primera Division,2009,2009/2010
Málaga CF,Salva Ballesta,34,Centre-Forward,Albacete,Free transfer,out,Summer,0,Primera Division,2009,2009/2010
Málaga CF,Cheli González,30,Right Winger,UE Lleida,Free transfer,out,Summer,0,Primera Division,2009,2009/2010
Málaga CF,Pere Martí,27,Defensive Midfield,Real Murcia,Loan,out,Summer,0,Primera Division,2009,2009/2010
Málaga CF,Álvaro Silva,25,Centre-Back,Cádiz CF,?,out,Summer,NA,Primera Division,2009,2009/2010
Málaga CF,Miguel Ángel,30,Defensive Midfield,Gimnàstic,Loan,out,Summer,0,Primera Division,2009,2009/2010
Málaga CF,José Luque,31,Left Midfield,Real Murcia,?,out,Summer,NA,Primera Division,2009,2009/2010
Málaga CF,Lolo,24,Defensive Midfield,Sevilla FC,"End of loanJun 30, 2009",out,Summer,0,Primera Division,2009,2009/2010
Málaga CF,Nacho,29,Left-Back,Getafe,"End of loanJun 30, 2009",out,Summer,0,Primera Division,2009,2009/2010
Málaga CF,Duda,29,Left Midfield,Sevilla FC,"End of loanJun 30, 2009",out,Summer,0,Primera Division,2009,2009/2010
Málaga CF,Adrián López,21,Centre-Forward,Dep. La Coruña,"End of loanJun 30, 2009",out,Summer,0,Primera Division,2009,2009/2010
Málaga CF,Pablo,20,Right Midfield,Real Zaragoza,"End of loanJun 30, 2009",out,Summer,0,Primera Division,2009,2009/2010
Málaga CF,Albert Luque,31,Left Winger,Ajax,"End of loanJun 30, 2009",out,Summer,0,Primera Division,2009,2009/2010
Málaga CF,Adriano,27,Centre-Forward,Internacional,"End of loanJun 30, 2009",out,Summer,0,Primera Division,2009,2009/2010
Villarreal CF,Nilmar,25,Centre-Forward,Internacional,£14.85m,in,Summer,14.85,Primera Division,2009,2009/2010
Villarreal CF,Iván Marcano,22,Centre-Back,Racing,£5.40m,in,Summer,5.4,Primera Division,2009,2009/2010
Villarreal CF,David Fuster,27,Attacking Midfield,Elche CF,£360Th.,in,Summer,0.36,Primera Division,2009,2009/2010
Villarreal CF,César Arzo,23,Centre-Back,Recr. Huelva,Free transfer,in,Summer,0,Primera Division,2009,2009/2010
Villarreal CF,Xavier Oliva,33,Goalkeeper,CD Castellón,Free transfer,in,Summer,0,Primera Division,2009,2009/2010
Villarreal CF,Marco Ruben,22,Centre-Forward,Recr. Huelva,"End of loanJun 30, 2009",in,Summer,0,Primera Division,2009,2009/2010
Villarreal CF,Jonathan Pereira,22,Centre-Forward,Racing,"End of loanJun 30, 2009",in,Summer,0,Primera Division,2009,2009/2010
Villarreal CF,Damián Escudero,22,Attacking Midfield,Real Valladolid,"End of loanJun 30, 2009",in,Summer,0,Primera Division,2009,2009/2010
Villarreal CF,Marquitos,22,Attacking Midfield,Real Sociedad,"End of loanJun 30, 2009",in,Summer,0,Primera Division,2009,2009/2010
Villarreal CF,Jozy Altidore,19,Centre-Forward,Xerez CD,"End of loanJun 30, 2009",in,Summer,0,Primera Division,2009,2009/2010
Villarreal CF,Robert Flores,23,Attacking Midfield,River Plate,"End of loanJun 30, 2009",in,Summer,0,Primera Division,2009,2009/2010
Villarreal CF,Nihat Kahveci,29,Centre-Forward,Besiktas,£3.83m,out,Summer,3.83,Primera Division,2009,2009/2010
Villarreal CF,Matías Fernández,23,Attacking Midfield,Sporting CP,£3.27m,out,Summer,3.27,Primera Division,2009,2009/2010
Villarreal CF,Marquitos,22,Attacking Midfield,Real Valladolid,Free transfer,out,Summer,0,Primera Division,2009,2009/2010
Villarreal CF,César Arzo,23,Centre-Back,Real Valladolid,Free transfer,out,Summer,0,Primera Division,2009,2009/2010
Villarreal CF,Jordi Pablo,19,Right Midfield,Málaga CF,Free transfer,out,Summer,0,Primera Division,2009,2009/2010
Villarreal CF,Pascal Cygan,35,Centre-Back,FC Cartagena,Free transfer,out,Summer,0,Primera Division,2009,2009/2010
Villarreal CF,Guillermo Franco,32,Centre-Forward,West Ham,Free transfer,out,Summer,0,Primera Division,2009,2009/2010
Villarreal CF,Jozy Altidore,19,Centre-Forward,Hull City,Loan,out,Summer,0,Primera Division,2009,2009/2010
Villarreal CF,Sebastián Viera,26,Goalkeeper,Without Club,-,out,Summer,0,Primera Division,2009,2009/2010
Villarreal CF,Robert Flores,23,Attacking Midfield,Villarreal CF B,-,out,Summer,0,Primera Division,2009,2009/2010
Villarreal CF,Joan Tomás,24,Attacking Midfield,Villarreal CF B,-,out,Summer,0,Primera Division,2009,2009/2010
Villarreal CF,Marco Ruben,22,Centre-Forward,Villarreal CF B,-,out,Summer,0,Primera Division,2009,2009/2010
Valencia CF,Miguel Ángel Moyá,25,Goalkeeper,RCD Mallorca,£4.50m,in,Summer,4.5,Primera Division,2009,2009/2010
Valencia CF,Ángel Dealbert,26,Centre-Back,CD Castellón,Free transfer,in,Summer,0,Primera Division,2009,2009/2010
Valencia CF,Jérémy Mathieu,25,Centre-Back,Toulouse,Free transfer,in,Summer,0,Primera Division,2009,2009/2010
Valencia CF,Bruno,28,Right-Back,UD Almería,Free transfer,in,Summer,0,Primera Division,2009,2009/2010
Valencia CF,Miku Fedor,23,Centre-Forward,Valencia B,-,in,Summer,0,Primera Division,2009,2009/2010
Valencia CF,David Navarro,29,Centre-Back,RCD Mallorca,"End of loanJun 30, 2009",in,Summer,0,Primera Division,2009,2009/2010
Valencia CF,Ángel Montoro,21,Central Midfield,Real Murcia,"End of loanJun 30, 2009",in,Summer,0,Primera Division,2009,2009/2010
Valencia CF,Sunny,20,Defensive Midfield,CA Osasuna,"End of loanJun 30, 2009",in,Summer,0,Primera Division,2009,2009/2010
Valencia CF,Jordi Alba,20,Left-Back,Gimnàstic,"End of loanJun 30, 2009",in,Summer,0,Primera Division,2009,2009/2010
Valencia CF,Aarón Ñíguez,20,Right Winger,Rangers,"End of loanJun 30, 2009",in,Summer,0,Primera Division,2009,2009/2010
Valencia CF,Éver Banega,21,Central Midfield,Atlético Madrid,"End of loanJun 30, 2009",in,Summer,0,Primera Division,2009,2009/2010
Valencia CF,Ludovic Butelle,26,Goalkeeper,LOSC Lille,"End of loanJun 30, 2009",in,Summer,0,Primera Division,2009,2009/2010
Valencia CF,Ignacio González,27,Attacking Midfield,Newcastle,"End of loanJun 30, 2009",in,Summer,0,Primera Division,2009,2009/2010
Valencia CF,Nikola Zigic,28,Centre-Forward,Racing,"End of loanJun 30, 2009",in,Summer,0,Primera Division,2009,2009/2010
Valencia CF,Raúl Albiol,23,Centre-Back,Real Madrid,£13.50m,out,Summer,13.5,Primera Division,2009,2009/2010
Valencia CF,Emiliano Moretti,28,Centre-Back,Genoa,£3.33m,out,Summer,3.33,Primera Division,2009,2009/2010
Valencia CF,Sunny,20,Defensive Midfield,Real Betis,Loan fee:£450Th.,out,Summer,0.45,Primera Division,2009,2009/2010
Valencia CF,Renan,24,Goalkeeper,Xerez CD,Loan fee:£450Th.,out,Summer,0.45,Primera Division,2009,2009/2010
Valencia CF,Hugo Viana,26,Central Midfield,Braga,Loan fee:£270Th.,out,Summer,0.27,Primera Division,2009,2009/2010
Valencia CF,Ludovic Butelle,26,Goalkeeper,LOSC Lille,Free transfer,out,Summer,0,Primera Division,2009,2009/2010
Valencia CF,Fernando Morientes,33,Centre-Forward,Marseille,Free transfer,out,Summer,0,Primera Division,2009,2009/2010
Valencia CF,Curro Torres,32,Right-Back,Gimnàstic,Free transfer,out,Summer,0,Primera Division,2009,2009/2010
Valencia CF,Edú Gaspar,31,Central Midfield,Corinthians,Free transfer,out,Summer,0,Primera Division,2009,2009/2010
Valencia CF,Thiago Carleto,20,Left-Back,Elche CF,Loan,out,Summer,0,Primera Division,2009,2009/2010
Valencia CF,Miguel Ángel Angulo,32,Second Striker,Sporting CP,Free transfer,out,Summer,0,Primera Division,2009,2009/2010
Valencia CF,Aarón Ñíguez,20,Right Winger,Celta de Vigo,Loan,out,Summer,0,Primera Division,2009,2009/2010
Valencia CF,Vicente Guaita,22,Goalkeeper,Recr. Huelva,Loan,out,Summer,0,Primera Division,2009,2009/2010
Valencia CF,Ángel Montoro,21,Central Midfield,Valencia B,-,out,Summer,0,Primera Division,2009,2009/2010
Deportivo de La Coruña,Zé Castro,26,Centre-Back,Atlético Madrid,£1.80m,in,Summer,1.8,Primera Division,2009,2009/2010
Deportivo de La Coruña,Juca,29,Defensive Midfield,Partizan,Free transfer,in,Summer,0,Primera Division,2009,2009/2010
Deportivo de La Coruña,Brayan Angulo,19,Left-Back,Leixões,?,in,Summer,NA,Primera Division,2009,2009/2010
Deportivo de La Coruña,Iván Pérez,23,Attacking Midfield,Deportivo B,-,in,Summer,0,Primera Division,2009,2009/2010
Deportivo de La Coruña,Manu Fernández,23,Goalkeeper,Deportivo B,-,in,Summer,0,Primera Division,2009,2009/2010
Deportivo de La Coruña,Aythami Artiles,23,Centre-Back,Xerez CD,"End of loanJun 30, 2009",in,Summer,0,Primera Division,2009,2009/2010
Deportivo de La Coruña,Adrián López,21,Centre-Forward,Málaga CF,"End of loanJun 30, 2009",in,Summer,0,Primera Division,2009,2009/2010
Deportivo de La Coruña,Sebastián Taborda,28,Centre-Forward,Hércules CF,"End of loanJun 30, 2009",in,Summer,0,Primera Division,2009,2009/2010
Deportivo de La Coruña,Rodri,24,Centre-Back,UD Salamanca,"End of loanJun 30, 2009",in,Summer,0,Primera Division,2009,2009/2010
Deportivo de La Coruña,Omar Bravo,29,Centre-Forward,Tigres UANL,"End of loanJun 30, 2009",in,Summer,0,Primera Division,2009,2009/2010
Deportivo de La Coruña,Rubén Castro,28,Centre-Forward,SD Huesca,"End of loanJun 30, 2009",in,Summer,0,Primera Division,2009,2009/2010
Deportivo de La Coruña,Jairo Álvarez,23,Attacking Midfield,Lorca Dep.,"End of loanJun 30, 2009",in,Summer,0,Primera Division,2009,2009/2010
Deportivo de La Coruña,Ángel Lafita,24,Left Winger,Real Zaragoza,£2.25m,out,Summer,2.25,Primera Division,2009,2009/2010
Deportivo de La Coruña,Cristian Hidalgo,25,Left Winger,Hércules CF,£180Th.,out,Summer,0.18,Primera Division,2009,2009/2010
Deportivo de La Coruña,Mista,31,Centre-Forward,Toronto FC,Free transfer,out,Summer,0,Primera Division,2009,2009/2010
Deportivo de La Coruña,Joan Verdú,26,Attacking Midfield,Espanyol,Free transfer,out,Summer,0,Primera Division,2009,2009/2010
Deportivo de La Coruña,Gustavo Munúa,31,Goalkeeper,Málaga CF,Free transfer,out,Summer,0,Primera Division,2009,2009/2010
Deportivo de La Coruña,Pablo Amo,31,Centre-Back,Real Zaragoza,Free transfer,out,Summer,0,Primera Division,2009,2009/2010
Deportivo de La Coruña,Omar Bravo,29,Centre-Forward,Chivas,Loan,out,Summer,0,Primera Division,2009,2009/2010
Deportivo de La Coruña,Rubén Castro,28,Centre-Forward,Rayo Vallecano,Loan,out,Summer,0,Primera Division,2009,2009/2010
Deportivo de La Coruña,Aythami Artiles,23,Centre-Back,Xerez CD,Loan,out,Summer,0,Primera Division,2009,2009/2010
Deportivo de La Coruña,Juanan,22,Centre-Back,RM Castilla,?,out,Summer,NA,Primera Division,2009,2009/2010
Deportivo de La Coruña,Rodri,24,Centre-Back,Hércules CF,?,out,Summer,NA,Primera Division,2009,2009/2010
Deportivo de La Coruña,Sebastián Taborda,28,Centre-Forward,Defensor,?,out,Summer,NA,Primera Division,2009,2009/2010
Deportivo de La Coruña,Julian de Guzmán,28,Defensive Midfield,Without Club,-,out,Summer,0,Primera Division,2009,2009/2010
Deportivo de La Coruña,Jairo Álvarez,23,Attacking Midfield,Deportivo B,-,out,Summer,0,Primera Division,2009,2009/2010
Deportivo de La Coruña,Zé Castro,26,Centre-Back,Atlético Madrid,"End of loanJun 30, 2009",out,Summer,0,Primera Division,2009,2009/2010
RCD Espanyol Barcelona,Juan Forlín,21,Centre-Back,Boca Juniors,£3.60m,in,Summer,3.6,Primera Division,2009,2009/2010
RCD Espanyol Barcelona,Ben Sahar,19,Centre-Forward,Chelsea,£900Th.,in,Summer,0.9,Primera Division,2009,2009/2010
RCD Espanyol Barcelona,Facundo Roncaglia,22,Centre-Back,Boca Juniors,Loan fee:£270Th.,in,Summer,0.27,Primera Division,2009,2009/2010
RCD Espanyol Barcelona,Joan Verdú,26,Attacking Midfield,Dep. La Coruña,Free transfer,in,Summer,0,Primera Division,2009,2009/2010
RCD Espanyol Barcelona,Fernando Marqués,24,Right Winger,Iraklis,Free transfer,in,Summer,0,Primera Division,2009,2009/2010
RCD Espanyol Barcelona,Shunsuke Nakamura,31,Attacking Midfield,Celtic,Free transfer,in,Summer,0,Primera Division,2009,2009/2010
RCD Espanyol Barcelona,Wellington Baroni,20,Left-Back,Iguaçu,?,in,Summer,NA,Primera Division,2009,2009/2010
RCD Espanyol Barcelona,Iván Pillud,23,Right-Back,Tiro Federal,Loan,in,Summer,0,Primera Division,2009,2009/2010
RCD Espanyol Barcelona,Javi Márquez,23,Central Midfield,RCD Espanyol B,-,in,Summer,0,Primera Division,2009,2009/2010
RCD Espanyol Barcelona,Javi López,23,Right-Back,RCD Espanyol B,-,in,Summer,0,Primera Division,2009,2009/2010
RCD Espanyol Barcelona,Raúl Baena,20,Defensive Midfield,RCD Espanyol B,-,in,Summer,0,Primera Division,2009,2009/2010
RCD Espanyol Barcelona,Víctor Ruiz,20,Centre-Back,RCD Espanyol B,-,in,Summer,0,Primera Division,2009,2009/2010
RCD Espanyol Barcelona,Jônatas,26,Central Midfield,Flamengo,"End of loanJun 30, 2009",in,Summer,0,Primera Division,2009,2009/2010
RCD Espanyol Barcelona,Julián López,22,Attacking Midfield,Panthrakikos,"End of loanJun 30, 2009",in,Summer,0,Primera Division,2009,2009/2010
RCD Espanyol Barcelona,Sergio Sánchez,23,Centre-Back,Sevilla FC,£2.70m,out,Summer,2.7,Primera Division,2009,2009/2010
RCD Espanyol Barcelona,Marc Torrejón,23,Centre-Back,Racing,£1.35m,out,Summer,1.35,Primera Division,2009,2009/2010
RCD Espanyol Barcelona,Francisco Rufete,32,Right Winger,Hércules CF,Free transfer,out,Summer,0,Primera Division,2009,2009/2010
RCD Espanyol Barcelona,Jônatas,26,Central Midfield,Botafogo,Loan,out,Summer,0,Primera Division,2009,2009/2010
RCD Espanyol Barcelona,Valdo,28,Right Winger,Málaga CF,Loan,out,Summer,0,Primera Division,2009,2009/2010
RCD Espanyol Barcelona,Steve Finnan,33,Right-Back,Portsmouth,Free transfer,out,Summer,0,Primera Division,2009,2009/2010
RCD Espanyol Barcelona,Wellington Baroni,20,Left-Back,Panionios,Loan,out,Summer,0,Primera Division,2009,2009/2010
RCD Espanyol Barcelona,Grégory Béranger,27,Left-Back,UD Las Palmas,Loan,out,Summer,0,Primera Division,2009,2009/2010
RCD Espanyol Barcelona,Ángel Martínez,23,Central Midfield,Rayo Vallecano,Loan,out,Summer,0,Primera Division,2009,2009/2010
RCD Espanyol Barcelona,Román Martínez,26,Central Midfield,CD Tenerife,Loan,out,Summer,0,Primera Division,2009,2009/2010
RCD Espanyol Barcelona,Mari Lacruz,31,Right-Back,Without Club,-,out,Summer,0,Primera Division,2009,2009/2010
RCD Espanyol Barcelona,Nenê,27,Attacking Midfield,Monaco,"End of loanJun 30, 2009",out,Summer,0,Primera Division,2009,2009/2010
CD Tenerife,Ezequiel Luna,22,Centre-Back,Tiro Federal,£270Th.,in,Summer,0.27,Primera Division,2009,2009/2010
CD Tenerife,Dinei,25,Centre-Forward,Atlético-PR,Loan fee:£270Th.,in,Summer,0.27,Primera Division,2009,2009/2010
CD Tenerife,Carlos Bellvís,24,Left-Back,Valencia B,Free transfer,in,Summer,0,Primera Division,2009,2009/2010
CD Tenerife,Aitor Núñez,21,Right-Back,Atl. Madrid B,Free transfer,in,Summer,0,Primera Division,2009,2009/2010
CD Tenerife,Román Martínez,26,Central Midfield,Espanyol,Loan,in,Summer,0,Primera Division,2009,2009/2010
CD Tenerife,Omar Ramos,21,Right Winger,CD Tenerife B,-,in,Summer,0,Primera Division,2009,2009/2010
CD Tenerife,Suso Santana,24,Right Winger,Fuerteventura,"End of loanJun 30, 2009",in,Summer,0,Primera Division,2009,2009/2010
CD Tenerife,Cristo,30,Centre-Forward,Uni. Las Palmas,Free transfer,out,Summer,0,Primera Division,2009,2009/2010
CD Tenerife,Rafael Clavero,32,Left-Back,FC Cartagena,Free transfer,out,Summer,0,Primera Division,2009,2009/2010
CD Tenerife,Óscar Pérez,27,Central Midfield,Granada CF,Free transfer,out,Summer,0,Primera Division,2009,2009/2010
CD Tenerife,Suso Santana,24,Right Winger,Heart of Midl.,Free transfer,out,Summer,0,Primera Division,2009,2009/2010
CD Tenerife,Iriome González,22,Right Winger,SD Huesca,Loan,out,Summer,0,Primera Division,2009,2009/2010
CD Tenerife,Pau Cendrós,22,Right-Back,RCD Mallorca B,"End of loanJun 30, 2009",out,Summer,0,Primera Division,2009,2009/2010
CD Tenerife,Ezequiel Luna,22,Centre-Back,Tiro Federal,"End of loanJun 30, 2009",out,Summer,0,Primera Division,2009,2009/2010
Atlético Madrid,Sergio Asenjo,20,Goalkeeper,Real Valladolid,£4.95m,in,Summer,4.95,Primera Division,2009,2009/2010
Atlético Madrid,Leandro Cabrera,18,Centre-Back,Defensor,£1.35m,in,Summer,1.35,Primera Division,2009,2009/2010
Atlético Madrid,Roberto,23,Goalkeeper,Recr. Huelva,£1.13m,in,Summer,1.13,Primera Division,2009,2009/2010
Atlético Madrid,Juanito,32,Centre-Back,Real Betis,Free transfer,in,Summer,0,Primera Division,2009,2009/2010
Atlético Madrid,David de Gea,18,Goalkeeper,Atl. Madrid B,-,in,Summer,0,Primera Division,2009,2009/2010
Atlético Madrid,José Manuel Jurado,23,Attacking Midfield,RCD Mallorca,"End of loanJun 30, 2009",in,Summer,0,Primera Division,2009,2009/2010
Atlético Madrid,Zé Castro,26,Centre-Back,Dep. La Coruña,"End of loanJun 30, 2009",in,Summer,0,Primera Division,2009,2009/2010
Atlético Madrid,José Antonio Reyes,25,Right Winger,Benfica,"End of loanJun 30, 2009",in,Summer,0,Primera Division,2009,2009/2010
Atlético Madrid,Diego Costa,20,Centre-Forward,Albacete,"End of loanJun 30, 2009",in,Summer,0,Primera Division,2009,2009/2010
Atlético Madrid,Cléber Santana,28,Central Midfield,RCD Mallorca,"End of loanJun 30, 2009",in,Summer,0,Primera Division,2009,2009/2010
Atlético Madrid,Juan Valera,24,Right-Back,Racing,"End of loanJun 30, 2009",in,Summer,0,Primera Division,2009,2009/2010
Atlético Madrid,Johnny Heitinga,25,Centre-Back,Everton,£6.12m,out,Summer,6.12,Primera Division,2009,2009/2010
Atlético Madrid,Zé Castro,26,Centre-Back,Dep. La Coruña,£1.80m,out,Summer,1.8,Primera Division,2009,2009/2010
Atlético Madrid,Grégory Coupet,36,Goalkeeper,Paris SG,£720Th.,out,Summer,0.72,Primera Division,2009,2009/2010
Atlético Madrid,Miguel de las Cuevas,23,Right Winger,Sporting Gijón,£270Th.,out,Summer,0.27,Primera Division,2009,2009/2010
Atlético Madrid,Ángel Bernabé,21,Goalkeeper,UD Salamanca,Free transfer,out,Summer,0,Primera Division,2009,2009/2010
Atlético Madrid,Leo Franco,32,Goalkeeper,Galatasaray,Free transfer,out,Summer,0,Primera Division,2009,2009/2010
Atlético Madrid,Maniche,31,Central Midfield,1. FC Köln,Free transfer,out,Summer,0,Primera Division,2009,2009/2010
Atlético Madrid,Luis García,31,Right Winger,Racing,Free transfer,out,Summer,0,Primera Division,2009,2009/2010
Atlético Madrid,Georgios Seitaridis,28,Right-Back,Panathinaikos,Free transfer,out,Summer,0,Primera Division,2009,2009/2010
Atlético Madrid,Diego Costa,20,Centre-Forward,Real Valladolid,?,out,Summer,NA,Primera Division,2009,2009/2010
Atlético Madrid,Éver Banega,21,Central Midfield,Valencia,"End of loanJun 30, 2009",out,Summer,0,Primera Division,2009,2009/2010
Athletic Bilbao,Xabier Castillo,23,Left-Back,Real Sociedad,£1.80m,in,Summer,1.8,Primera Division,2009,2009/2010
Athletic Bilbao,Óscar de Marcos,21,Right-Back,Alavés,£315Th.,in,Summer,0.315,Primera Division,2009,2009/2010
Athletic Bilbao,Iñigo Díaz de Cerio,25,Centre-Forward,Real Sociedad,Free transfer,in,Summer,0,Primera Division,2009,2009/2010
Athletic Bilbao,Mikel San José,20,Defensive Midfield,Liverpool U23,Loan,in,Summer,0,Primera Division,2009,2009/2010
Athletic Bilbao,Iker Muniain,16,Left Winger,Bilbao Athletic,-,in,Summer,0,Primera Division,2009,2009/2010
Athletic Bilbao,Iban Zubiaurre,26,Right-Back,Elche CF,"End of loanJun 30, 2009",in,Summer,0,Primera Division,2009,2009/2010
Athletic Bilbao,Tiko,32,Central Midfield,SD Eibar,"End of loanJun 30, 2009",in,Summer,0,Primera Division,2009,2009/2010
Athletic Bilbao,Javi Casas,27,Left-Back,Córdoba CF,"End of loanJun 30, 2009",in,Summer,0,Primera Division,2009,2009/2010
Athletic Bilbao,Iñaki Lafuente,33,Goalkeeper,Sporting Gijón,"End of loanJun 30, 2009",in,Summer,0,Primera Division,2009,2009/2010
Athletic Bilbao,Javi Casas,27,Left-Back,FC Cartagena,Free transfer,out,Summer,0,Primera Division,2009,2009/2010
Athletic Bilbao,Joseba del Olmo,28,Left Winger,Hércules CF,Free transfer,out,Summer,0,Primera Division,2009,2009/2010
Athletic Bilbao,Iñaki Lafuente,33,Goalkeeper,CD Numancia,Free transfer,out,Summer,0,Primera Division,2009,2009/2010
Athletic Bilbao,Joseba Garmendia,23,Attacking Midfield,CD Numancia,Free transfer,out,Summer,0,Primera Division,2009,2009/2010
Athletic Bilbao,Ander Murillo,25,Centre-Back,UD Salamanca,Loan,out,Summer,0,Primera Division,2009,2009/2010
Athletic Bilbao,Mikel Balenziaga,21,Left-Back,CD Numancia,Loan,out,Summer,0,Primera Division,2009,2009/2010
Athletic Bilbao,Iñigo Vélez,27,Centre-Forward,CD Numancia,?,out,Summer,NA,Primera Division,2009,2009/2010
Athletic Bilbao,Tiko,32,Central Midfield,Retired,-,out,Summer,0,Primera Division,2009,2009/2010
Real Madrid,Cristiano Ronaldo,24,Left Winger,Man Utd,£84.60m,in,Summer,84.6,Primera Division,2009,2009/2010
Real Madrid,Kaká,27,Attacking Midfield,AC Milan,£60.30m,in,Summer,60.3,Primera Division,2009,2009/2010
Real Madrid,Karim Benzema,21,Centre-Forward,Olympique Lyon,£31.50m,in,Summer,31.5,Primera Division,2009,2009/2010
Real Madrid,Xabi Alonso,27,Defensive Midfield,Liverpool,£31.05m,in,Summer,31.05,Primera Division,2009,2009/2010
Real Madrid,Raúl Albiol,23,Centre-Back,Valencia,£13.50m,in,Summer,13.5,Primera Division,2009,2009/2010
Real Madrid,Álvaro Negredo,23,Centre-Forward,UD Almería,£4.50m,in,Summer,4.5,Primera Division,2009,2009/2010
Real Madrid,Esteban Granero,22,Central Midfield,Getafe,£3.60m,in,Summer,3.6,Primera Division,2009,2009/2010
Real Madrid,Álvaro Arbeloa,26,Right-Back,Liverpool,£3.60m,in,Summer,3.6,Primera Division,2009,2009/2010
Real Madrid,Antonio Adán,22,Goalkeeper,RM Castilla,-,in,Summer,0,Primera Division,2009,2009/2010
Real Madrid,Ezequiel Garay,22,Centre-Back,Racing,"End of loanJun 30, 2009",in,Summer,0,Primera Division,2009,2009/2010
Real Madrid,Arjen Robben,25,Right Winger,Bayern Munich,£22.50m,out,Summer,22.5,Primera Division,2009,2009/2010
Real Madrid,Wesley Sneijder,25,Attacking Midfield,Inter,£13.50m,out,Summer,13.5,Primera Division,2009,2009/2010
Real Madrid,Klaas-Jan Huntelaar,25,Centre-Forward,AC Milan,£13.50m,out,Summer,13.5,Primera Division,2009,2009/2010
Real Madrid,Álvaro Negredo,24,Centre-Forward,Sevilla FC,£13.50m,out,Summer,13.5,Primera Division,2009,2009/2010
Real Madrid,Javi García,22,Defensive Midfield,Benfica,£6.30m,out,Summer,6.3,Primera Division,2009,2009/2010
Real Madrid,Javier Saviola,27,Second Striker,Benfica,£4.50m,out,Summer,4.5,Primera Division,2009,2009/2010
Real Madrid,Dani Parejo,20,Central Midfield,Getafe,£2.70m,out,Summer,2.7,Primera Division,2009,2009/2010
Real Madrid,Miguel Torres,23,Right-Back,Getafe,£1.80m,out,Summer,1.8,Primera Division,2009,2009/2010
Real Madrid,Gabriel Heinze,31,Centre-Back,Marseille,£1.35m,out,Summer,1.35,Primera Division,2009,2009/2010
Real Madrid,Míchel Salgado,33,Right-Back,Blackburn,Free transfer,out,Summer,0,Primera Division,2009,2009/2010
Real Madrid,Jordi Codina,27,Goalkeeper,Getafe,Free transfer,out,Summer,0,Primera Division,2009,2009/2010
Real Madrid,Fabio Cannavaro,35,Centre-Back,Juventus,Free transfer,out,Summer,0,Primera Division,2009,2009/2010
Real Madrid,Julien Faubert,25,Right-Back,West Ham,"End of loanJun 30, 2009",out,Summer,0,Primera Division,2009,2009/2010
Sevilla FC,Álvaro Negredo,24,Centre-Forward,Real Madrid,£13.50m,in,Summer,13.5,Primera Division,2009,2009/2010
Sevilla FC,Didier Zokora,28,Defensive Midfield,Spurs,£8.10m,in,Summer,8.1,Primera Division,2009,2009/2010
Sevilla FC,Sergio Sánchez,23,Centre-Back,Espanyol,£2.70m,in,Summer,2.7,Primera Division,2009,2009/2010
Sevilla FC,Pablo Ruiz,28,Centre-Back,Córdoba CF,"End of loanJun 30, 2009",in,Summer,0,Primera Division,2009,2009/2010
Sevilla FC,Lolo,24,Defensive Midfield,Málaga CF,"End of loanJun 30, 2009",in,Summer,0,Primera Division,2009,2009/2010
Sevilla FC,Morgan De Sanctis,32,Goalkeeper,Galatasaray,"End of loanJun 30, 2009",in,Summer,0,Primera Division,2009,2009/2010
Sevilla FC,Duda,29,Left Midfield,Málaga CF,"End of loanJun 30, 2009",in,Summer,0,Primera Division,2009,2009/2010
Sevilla FC,Tom De Mul,23,Right Midfield,KRC Genk,"End of loanJun 30, 2009",in,Summer,0,Primera Division,2009,2009/2010
Sevilla FC,Fernando Rodríguez,22,Centre-Forward,Ontinyent CF,"End of loanJun 30, 2009",in,Summer,0,Primera Division,2009,2009/2010
Sevilla FC,Aquivaldo Mosquera,28,Centre-Back,América,£3.78m,out,Summer,3.78,Primera Division,2009,2009/2010
Sevilla FC,Morgan De Sanctis,32,Goalkeeper,SSC Napoli,£1.71m,out,Summer,1.71,Primera Division,2009,2009/2010
Sevilla FC,Enzo Maresca,29,Central Midfield,Olympiacos,£1.35m,out,Summer,1.35,Primera Division,2009,2009/2010
Sevilla FC,Duda,29,Left Midfield,Málaga CF,£630Th.,out,Summer,0.63,Primera Division,2009,2009/2010
Sevilla FC,José Crespo,22,Centre-Back,Racing,Loan fee:£450Th.,out,Summer,0.45,Primera Division,2009,2009/2010
Sevilla FC,Pablo Ruiz,28,Centre-Back,FC Cartagena,Free transfer,out,Summer,0,Primera Division,2009,2009/2010
Sevilla FC,Emiliano Armenteros,23,Left Winger,Xerez CD,Loan,out,Summer,0,Primera Division,2009,2009/2010
Sevilla FC,David Prieto,26,Centre-Back,Xerez CD,Loan,out,Summer,0,Primera Division,2009,2009/2010
Sevilla FC,Fernando Rodríguez,22,Centre-Forward,Real Jaén CF,?,out,Summer,NA,Primera Division,2009,2009/2010
Real Valladolid CF,Alberto Bueno,21,Second Striker,RM Castilla,£2.70m,in,Summer,2.7,Primera Division,2009,2009/2010
Real Valladolid CF,Manucho,26,Centre-Forward,Man Utd,£2.48m,in,Summer,2.48,Primera Division,2009,2009/2010
Real Valladolid CF,Nivaldo,29,Centre-Back,Al-Sadd SC,Free transfer,in,Summer,0,Primera Division,2009,2009/2010
Real Valladolid CF,Pelé,21,Central Midfield,FC Porto,Loan,in,Summer,0,Primera Division,2009,2009/2010
Real Valladolid CF,César Arzo,23,Centre-Back,Villarreal,Free transfer,in,Summer,0,Primera Division,2009,2009/2010
Real Valladolid CF,Nauzet Alemán,24,Right Winger,UD Las Palmas,Free transfer,in,Summer,0,Primera Division,2009,2009/2010
Real Valladolid CF,Héctor Font,25,Central Midfield,CA Osasuna,Free transfer,in,Summer,0,Primera Division,2009,2009/2010
Real Valladolid CF,Marquitos,22,Attacking Midfield,Villarreal,Free transfer,in,Summer,0,Primera Division,2009,2009/2010
Real Valladolid CF,Fabri,21,Goalkeeper,Deportivo B,Free transfer,in,Summer,0,Primera Division,2009,2009/2010
Real Valladolid CF,Diego Costa,20,Centre-Forward,Atlético Madrid,?,in,Summer,NA,Primera Division,2009,2009/2010
Real Valladolid CF,Sisinio,23,Attacking Midfield,Recr. Huelva,?,in,Summer,NA,Primera Division,2009,2009/2010
Real Valladolid CF,Antonio Barragán,22,Right-Back,Without Club,-,in,Summer,0,Primera Division,2009,2009/2010
Real Valladolid CF,Jesús Rueda,22,Centre-Back,R. Valladolid B,-,in,Summer,0,Primera Division,2009,2009/2010
Real Valladolid CF,Álvaro Antón,25,Attacking Midfield,CD Numancia,"End of loanJun 30, 2009",in,Summer,0,Primera Division,2009,2009/2010
Real Valladolid CF,Asier Arranz,22,Central Midfield,Xerez CD,"End of loanJun 30, 2009",in,Summer,0,Primera Division,2009,2009/2010
Real Valladolid CF,Jacobo Sanz,25,Goalkeeper,Getafe,"End of loanJun 30, 2009",in,Summer,0,Primera Division,2009,2009/2010
Real Valladolid CF,Sergio Asenjo,20,Goalkeeper,Atlético Madrid,£4.95m,out,Summer,4.95,Primera Division,2009,2009/2010
Real Valladolid CF,Pedro León,22,Right Winger,Getafe,£3.60m,out,Summer,3.6,Primera Division,2009,2009/2010
Real Valladolid CF,Bartholomew Ogbeche,24,Centre-Forward,Cádiz CF,Free transfer,out,Summer,0,Primera Division,2009,2009/2010
Real Valladolid CF,Ángel Vivar Dorado,35,Attacking Midfield,Albacete,Free transfer,out,Summer,0,Primera Division,2009,2009/2010
Real Valladolid CF,Óscar Sánchez,29,Right-Back,Real Murcia,Free transfer,out,Summer,0,Primera Division,2009,2009/2010
Real Valladolid CF,Víctor,35,Centre-Forward,FC Cartagena,Free transfer,out,Summer,0,Primera Division,2009,2009/2010
Real Valladolid CF,Iñaki Bea,31,Centre-Back,Real Murcia,Free transfer,out,Summer,0,Primera Division,2009,2009/2010
Real Valladolid CF,Kike López,21,Right-Back,UD Salamanca,?,out,Summer,NA,Primera Division,2009,2009/2010
Real Valladolid CF,Jesús Rueda,22,Centre-Back,Córdoba CF,Loan,out,Summer,0,Primera Division,2009,2009/2010
Real Valladolid CF,Álvaro Antón,25,Attacking Midfield,Recr. Huelva,Loan,out,Summer,0,Primera Division,2009,2009/2010
Real Valladolid CF,García Calvo,34,Centre-Back,Retired,-,out,Summer,0,Primera Division,2009,2009/2010
Real Valladolid CF,Alberto López,40,Goalkeeper,Retired,-,out,Summer,0,Primera Division,2009,2009/2010
Real Valladolid CF,Marcos Aguirre,25,Right Midfield,Lanús,"End of loanJun 30, 2009",out,Summer,0,Primera Division,2009,2009/2010
Real Valladolid CF,Damián Escudero,22,Attacking Midfield,Villarreal,"End of loanJun 30, 2009",out,Summer,0,Primera Division,2009,2009/2010
Real Valladolid CF,Henok Goitom,24,Centre-Forward,Real Murcia,"End of loanJun 30, 2009",out,Summer,0,Primera Division,2009,2009/2010
Real Valladolid CF,Nano,28,Centre-Back,Real Betis,"End of loanJun 30, 2009",out,Summer,0,Primera Division,2009,2009/2010
Real Valladolid CF,Pedro Oldoni,23,Centre-Forward,Atlético-PR,"End of loanJun 30, 2009",out,Summer,0,Primera Division,2009,2009/2010
CA Osasuna,Carlos Aranda,28,Centre-Forward,CD Numancia,£1.08m,in,Summer,1.08,Primera Division,2009,2009/2010
CA Osasuna,Javier Calleja,31,Left Midfield,Málaga CF,Free transfer,in,Summer,0,Primera Division,2009,2009/2010
CA Osasuna,Javier Camuñas,29,Right Winger,Recr. Huelva,?,in,Summer,NA,Primera Division,2009,2009/2010
CA Osasuna,Rúper,22,Central Midfield,CA Osasuna Prom,-,in,Summer,0,Primera Division,2009,2009/2010
CA Osasuna,Jorge Galán,20,Centre-Forward,CA Osasuna Prom,-,in,Summer,0,Primera Division,2009,2009/2010
CA Osasuna,Nicolás Medina,22,Centre-Forward,SD Huesca,"End of loanJun 30, 2009",in,Summer,0,Primera Division,2009,2009/2010
CA Osasuna,Jon Erice,22,Central Midfield,Cádiz CF,"End of loanJun 30, 2009",in,Summer,0,Primera Division,2009,2009/2010
CA Osasuna,Jokin Esparza,21,Left Winger,SD Huesca,"End of loanJun 30, 2009",in,Summer,0,Primera Division,2009,2009/2010
CA Osasuna,Xavier Margairaz,25,Attacking Midfield,FC Zürich,"End of loanJun 30, 2009",in,Summer,0,Primera Division,2009,2009/2010
CA Osasuna,Jaroslav Plasil,27,Central Midfield,G. Bordeaux,£2.70m,out,Summer,2.7,Primera Division,2009,2009/2010
CA Osasuna,Xavier Margairaz,25,Attacking Midfield,FC Zürich,£900Th.,out,Summer,0.9,Primera Division,2009,2009/2010
CA Osasuna,Héctor Font,25,Central Midfield,Real Valladolid,Free transfer,out,Summer,0,Primera Division,2009,2009/2010
CA Osasuna,Javier Flaño,24,Right-Back,CD Numancia,Free transfer,out,Summer,0,Primera Division,2009,2009/2010
CA Osasuna,Tiago Gomes,23,Left-Back,Belenenses SAD,Free transfer,out,Summer,0,Primera Division,2009,2009/2010
CA Osasuna,Kike Sola,23,Centre-Forward,CD Numancia,Loan,out,Summer,0,Primera Division,2009,2009/2010
CA Osasuna,Jon Erice,22,Central Midfield,Cádiz CF,?,out,Summer,NA,Primera Division,2009,2009/2010
CA Osasuna,César Cruchaga,35,Centre-Back,Retired,-,out,Summer,0,Primera Division,2009,2009/2010
CA Osasuna,Santiago Ezquerro,32,Centre-Forward,Retired,-,out,Summer,0,Primera Division,2009,2009/2010
CA Osasuna,Sunny,20,Defensive Midfield,Valencia,"End of loanJun 30, 2009",out,Summer,0,Primera Division,2009,2009/2010
CA Osasuna,Antonio Hidalgo,30,Central Midfield,Real Zaragoza,"End of loanJun 30, 2009",out,Summer,0,Primera Division,2009,2009/2010
RCD Mallorca,Bruno China,26,Central Midfield,Leixões,£360Th.,in,Summer,0.36,Primera Division,2009,2009/2010
RCD Mallorca,Rubén González,27,Centre-Back,Celta de Vigo,Free transfer,in,Summer,0,Primera Division,2009,2009/2010
RCD Mallorca,Julio Álvarez,28,Attacking Midfield,UD Almería,Free transfer,in,Summer,0,Primera Division,2009,2009/2010
RCD Mallorca,Felipe Mattioni,20,Right-Back,Maga,Loan,in,Summer,0,Primera Division,2009,2009/2010
RCD Mallorca,Paulo Pezzolano,26,Attacking Midfield,Liverpool FC,Loan,in,Summer,0,Primera Division,2009,2009/2010
RCD Mallorca,Borja Valero,24,Central Midfield,West Brom,Loan,in,Summer,0,Primera Division,2009,2009/2010
RCD Mallorca,Nauzet Pérez,24,Goalkeeper,RCD Mallorca B,-,in,Summer,0,Primera Division,2009,2009/2010
RCD Mallorca,Tuni,27,Right Winger,Hércules CF,"End of loanJun 30, 2009",in,Summer,0,Primera Division,2009,2009/2010
RCD Mallorca,Óscar Díaz,25,Centre-Forward,Celta de Vigo,"End of loanJun 30, 2009",in,Summer,0,Primera Division,2009,2009/2010
RCD Mallorca,Emilio Nsue,19,Right-Back,CD Castellón,"End of loanJun 30, 2009",in,Summer,0,Primera Division,2009,2009/2010
RCD Mallorca,Víctor Casadesús,24,Centre-Forward,Gimnàstic,"End of loanJun 30, 2009",in,Summer,0,Primera Division,2009,2009/2010
RCD Mallorca,Javi Guerra,27,Centre-Forward,Alavés,"End of loanJun 30, 2009",in,Summer,0,Primera Division,2009,2009/2010
RCD Mallorca,Martí Crespí,22,Centre-Back,Xerez CD,"End of loanJun 30, 2009",in,Summer,0,Primera Division,2009,2009/2010
RCD Mallorca,Carlos Carmona,21,Right Winger,FC Cartagena,"End of loanJun 30, 2009",in,Summer,0,Primera Division,2009,2009/2010
RCD Mallorca,Dani Benítez,22,Left Winger,Elche CF,"End of loanJun 30, 2009",in,Summer,0,Primera Division,2009,2009/2010
RCD Mallorca,Miguel Ángel Moyá,25,Goalkeeper,Valencia,£4.50m,out,Summer,4.5,Primera Division,2009,2009/2010
RCD Mallorca,Juan Arango,29,Left Midfield,Bor. M'gladbach,£3.24m,out,Summer,3.24,Primera Division,2009,2009/2010
RCD Mallorca,Emilio Nsue,19,Right-Back,Real Sociedad,Loan fee:£450Th.,out,Summer,0.45,Primera Division,2009,2009/2010
RCD Mallorca,Dani Benítez,22,Left Winger,Udinese,£450Th.,out,Summer,0.45,Primera Division,2009,2009/2010
RCD Mallorca,Javi Guerra,27,Centre-Forward,Levante,Loan,out,Summer,0,Primera Division,2009,2009/2010
RCD Mallorca,Óscar Trejo,21,Attacking Midfield,Elche CF,Loan,out,Summer,0,Primera Division,2009,2009/2010
RCD Mallorca,Carlos Carmona,21,Right Winger,Recr. Huelva,?,out,Summer,NA,Primera Division,2009,2009/2010
RCD Mallorca,Juanmi Callejón,22,Left Winger,Albacete,Loan,out,Summer,0,Primera Division,2009,2009/2010
RCD Mallorca,Martí Crespí,22,Centre-Back,Elche CF,Loan,out,Summer,0,Primera Division,2009,2009/2010
RCD Mallorca,David Navarro,29,Centre-Back,Valencia,"End of loanJun 30, 2009",out,Summer,0,Primera Division,2009,2009/2010
RCD Mallorca,Lionel Scaloni,31,Right-Back,Lazio,"End of loanJun 30, 2009",out,Summer,0,Primera Division,2009,2009/2010
RCD Mallorca,José Manuel Jurado,23,Attacking Midfield,Atlético Madrid,"End of loanJun 30, 2009",out,Summer,0,Primera Division,2009,2009/2010
RCD Mallorca,Cléber Santana,28,Central Midfield,Atlético Madrid,"End of loanJun 30, 2009",out,Summer,0,Primera Division,2009,2009/2010
Real Zaragoza,Ikechukwu Uche,25,Centre-Forward,Getafe,£4.95m,in,Summer,4.95,Primera Division,2009,2009/2010
Real Zaragoza,Ivan Obradovic,21,Left-Back,Partizan,£3.15m,in,Summer,3.15,Primera Division,2009,2009/2010
Real Zaragoza,Ángel Lafita,24,Left Winger,Dep. La Coruña,£2.25m,in,Summer,2.25,Primera Division,2009,2009/2010
Real Zaragoza,Abel Aguilar,24,Defensive Midfield,Udinese,Loan fee:£900Th.,in,Summer,0.9,Primera Division,2009,2009/2010
Real Zaragoza,Juan Pablo Carrizo,25,Goalkeeper,Lazio,Loan fee:£900Th.,in,Summer,0.9,Primera Division,2009,2009/2010
Real Zaragoza,Jermaine Pennant,26,Right Winger,Liverpool,Free transfer,in,Summer,0,Primera Division,2009,2009/2010
Real Zaragoza,Pablo Amo,31,Centre-Back,Dep. La Coruña,Free transfer,in,Summer,0,Primera Division,2009,2009/2010
Real Zaragoza,Marko Babic,28,Left Midfield,Hertha BSC,Free transfer,in,Summer,0,Primera Division,2009,2009/2010
Real Zaragoza,Matuzalém,29,Defensive Midfield,Lazio,"End of loanJun 30, 2009",in,Summer,0,Primera Division,2009,2009/2010
Real Zaragoza,Antonio Longás,24,Central Midfield,FC Barcelona B,"End of loanJun 30, 2009",in,Summer,0,Primera Division,2009,2009/2010
Real Zaragoza,Pablo,20,Right Midfield,Málaga CF,"End of loanJun 30, 2009",in,Summer,0,Primera Division,2009,2009/2010
Real Zaragoza,Antonio Hidalgo,30,Central Midfield,CA Osasuna,"End of loanJun 30, 2009",in,Summer,0,Primera Division,2009,2009/2010
Real Zaragoza,Peter Luccin,30,Defensive Midfield,Racing,"End of loanJun 30, 2009",in,Summer,0,Primera Division,2009,2009/2010
Real Zaragoza,Matuzalém,29,Defensive Midfield,Lazio,£5.40m,out,Summer,5.4,Primera Division,2009,2009/2010
Real Zaragoza,Alberto Zapater,24,Defensive Midfield,Genoa,£4.05m,out,Summer,4.05,Primera Division,2009,2009/2010
Real Zaragoza,Chus Herrero,25,Centre-Back,FC Cartagena,Free transfer,out,Summer,0,Primera Division,2009,2009/2010
Real Zaragoza,Stéphane Pignol,32,Right-Back,UD Las Palmas,Free transfer,out,Summer,0,Primera Division,2009,2009/2010
Real Zaragoza,David Generelo,26,Central Midfield,Elche CF,Free transfer,out,Summer,0,Primera Division,2009,2009/2010
Real Zaragoza,Antonio Longás,24,Central Midfield,FC Cartagena,?,out,Summer,NA,Primera Division,2009,2009/2010
Real Zaragoza,Antonio Hidalgo,30,Central Midfield,Albacete,?,out,Summer,NA,Primera Division,2009,2009/2010
Real Zaragoza,Toni Doblas,28,Goalkeeper,Without Club,-,out,Summer,0,Primera Division,2009,2009/2010
Real Zaragoza,Juan Pablo Caffa,24,Left Midfield,Real Betis,"End of loanJun 30, 2009",out,Summer,0,Primera Division,2009,2009/2010
Xerez CD,Renan,24,Goalkeeper,Valencia,Loan fee:£450Th.,in,Summer,0.45,Primera Division,2009,2009/2010
Xerez CD,Emiliano Armenteros,23,Left Winger,Sevilla FC,Loan,in,Summer,0,Primera Division,2009,2009/2010
Xerez CD,Víctor Sánchez,21,Central Midfield,FC Barcelona,Loan,in,Summer,0,Primera Division,2009,2009/2010
Xerez CD,David Prieto,26,Centre-Back,Sevilla FC,Loan,in,Summer,0,Primera Division,2009,2009/2010
Xerez CD,Sidi Keita,24,Defensive Midfield,Lens,Loan,in,Summer,0,Primera Division,2009,2009/2010
Xerez CD,Leandro Gioda,24,Centre-Back,Independiente,Loan,in,Summer,0,Primera Division,2009,2009/2010
Xerez CD,Aythami Artiles,23,Centre-Back,Dep. La Coruña,Loan,in,Summer,0,Primera Division,2009,2009/2010
Xerez CD,Giancarlo Maldonado,27,Centre-Forward,Atlante,Loan,in,Summer,0,Primera Division,2009,2009/2010
Xerez CD,José Manuel Casado,22,Left-Back,Sevilla Atl.,Loan,in,Summer,0,Primera Division,2009,2009/2010
Xerez CD,Fabián Orellana,23,Right Winger,Udinese,Loan,in,Summer,0,Primera Division,2009,2009/2010
Xerez CD,Pedro Ríos,27,Right Winger,Getafe,Free transfer,out,Summer,0,Primera Division,2009,2009/2010
Xerez CD,Jorge Luque,28,Central Midfield,Córdoba CF,Free transfer,out,Summer,0,Primera Division,2009,2009/2010
Xerez CD,Juan Antonio Portela,24,Right-Back,AD Ceuta,?,out,Summer,NA,Primera Division,2009,2009/2010
Xerez CD,Stéphane Porato,35,Goalkeeper,Retired,-,out,Summer,0,Primera Division,2009,2009/2010
Xerez CD,Aythami Artiles,23,Centre-Back,Dep. La Coruña,"End of loanJun 30, 2009",out,Summer,0,Primera Division,2009,2009/2010
Xerez CD,Asier Arranz,22,Central Midfield,Real Valladolid,"End of loanJun 30, 2009",out,Summer,0,Primera Division,2009,2009/2010
Xerez CD,Antonio Calle,30,Centre-Forward,Gimnàstic,"End of loanJun 30, 2009",out,Summer,0,Primera Division,2009,2009/2010
Xerez CD,Amaral,27,Centre-Back,Galo Maringá,"End of loanJun 30, 2009",out,Summer,0,Primera Division,2009,2009/2010
Xerez CD,Mohammed Rabiu,19,Defensive Midfield,Liberty Prof.,"End of loanJun 30, 2009",out,Summer,0,Primera Division,2009,2009/2010
Xerez CD,Martí Crespí,22,Centre-Back,RCD Mallorca,"End of loanJun 30, 2009",out,Summer,0,Primera Division,2009,2009/2010
Xerez CD,Álvaro Silva,25,Centre-Back,Málaga CF,"End of loanJun 30, 2009",out,Summer,0,Primera Division,2009,2009/2010
Xerez CD,Brian Sarmiento,19,Attacking Midfield,Racing,"End of loanJun 30, 2009",out,Summer,0,Primera Division,2009,2009/2010
Xerez CD,Jozy Altidore,19,Centre-Forward,Villarreal,"End of loanJun 30, 2009",out,Summer,0,Primera Division,2009,2009/2010
Xerez CD,Abdul-Aziz Tetteh,19,Defensive Midfield,Udinese,"End of loanJun 30, 2009",out,Summer,0,Primera Division,2009,2009/2010
FC Barcelona,Zlatan Ibrahimovic,27,Centre-Forward,Inter,£62.55m,in,Summer,62.55,Primera Division,2009,2009/2010
FC Barcelona,Dmytro Chygrynskyi,22,Centre-Back,Shakhtar D.,£22.50m,in,Summer,22.5,Primera Division,2009,2009/2010
FC Barcelona,Keirrison,20,Centre-Forward,Desp. Brasil,£12.60m,in,Summer,12.6,Primera Division,2009,2009/2010
FC Barcelona,Maxwell,27,Left-Back,Inter,£4.50m,in,Summer,4.5,Primera Division,2009,2009/2010
FC Barcelona,Víctor Sánchez,21,Central Midfield,FC Barcelona B,-,in,Summer,0,Primera Division,2009,2009/2010
FC Barcelona,Jeffren,21,Attacking Midfield,FC Barcelona B,-,in,Summer,0,Primera Division,2009,2009/2010
FC Barcelona,Henrique,22,Centre-Back,Bay. Leverkusen,"End of loanJun 30, 2009",in,Summer,0,Primera Division,2009,2009/2010
FC Barcelona,Samuel Eto'o,28,Centre-Forward,Inter,£18.00m,out,Summer,18,Primera Division,2009,2009/2010
FC Barcelona,Aleksandr Hleb,28,Attacking Midfield,VfB Stuttgart,Loan fee:£1.80m,out,Summer,1.8,Primera Division,2009,2009/2010
FC Barcelona,Eidur Gudjohnsen,30,Centre-Forward,Monaco,£1.80m,out,Summer,1.8,Primera Division,2009,2009/2010
FC Barcelona,Martín Cáceres,22,Centre-Back,Juventus,Loan fee:£450Th.,out,Summer,0.45,Primera Division,2009,2009/2010
FC Barcelona,Sylvinho,35,Left-Back,Man City,Free transfer,out,Summer,0,Primera Division,2009,2009/2010
FC Barcelona,Víctor Sánchez,21,Central Midfield,Xerez CD,Loan,out,Summer,0,Primera Division,2009,2009/2010
FC Barcelona,Albert Jorquera,30,Goalkeeper,Girona,Free transfer,out,Summer,0,Primera Division,2009,2009/2010
FC Barcelona,Henrique,22,Centre-Back,Racing,Loan,out,Summer,0,Primera Division,2009,2009/2010
FC Barcelona,Keirrison,20,Centre-Forward,Benfica,Loan,out,Summer,0,Primera Division,2009,2009/2010
Racing Santander,Brian Sarmiento,19,Attacking Midfield,Girona,"End of loanDec 31, 2009",in,Winter,0,Primera Division,2009,2009/2010
Racing Santander,Álex Geijo,27,Centre-Forward,Udinese,£2.25m,out,Winter,2.25,Primera Division,2009,2009/2010
Racing Santander,Zé António,32,Centre-Back,Leiria,Free transfer,out,Winter,0,Primera Division,2009,2009/2010
Racing Santander,Ebi Smolarek,28,Centre-Forward,AO Kavala,Free transfer,out,Winter,0,Primera Division,2009,2009/2010
Racing Santander,Laszlo Sepsi,22,Left-Back,Benfica,"End of loanDec 1, 2009",out,Winter,0,Primera Division,2009,2009/2010
Getafe CF,Miku Fedor,24,Centre-Forward,Valencia,Free transfer,in,Winter,0,Primera Division,2009,2009/2010
Getafe CF,Franck Signorino,28,Left-Back,FC Cartagena,Loan,out,Winter,0,Primera Division,2009,2009/2010
Getafe CF,Cosmin Contra,33,Right-Back,FC Timisoara,Free transfer,out,Winter,0,Primera Division,2009,2009/2010
Getafe CF,Lucas Licht,28,Left-Back,Without Club,-,out,Winter,0,Primera Division,2009,2009/2010
UD Almería,Modeste M'Bami,26,Defensive Midfield,Without Club,-,in,Winter,0,Primera Division,2009,2009/2010
UD Almería,Leonardo Borzani,27,Defensive Midfield,Without Club,-,in,Winter,0,Primera Division,2009,2009/2010
Sporting Gijón,Milan Smiljanic,23,Defensive Midfield,Espanyol,Loan,in,Winter,0,Primera Division,2009,2009/2010
Sporting Gijón,Míchel,24,Central Midfield,Birmingham,£2.97m,out,Winter,2.97,Primera Division,2009,2009/2010
Sporting Gijón,Andreu Guerao,26,Central Midfield,Pol. Warsaw,Free transfer,out,Winter,0,Primera Division,2009,2009/2010
Málaga CF,Felipe Caicedo,21,Centre-Forward,Man City,Loan,in,Winter,0,Primera Division,2009,2009/2010
Málaga CF,Javi López,21,Right Winger,A. Malagueño,-,in,Winter,0,Primera Division,2009,2009/2010
Málaga CF,Dani Toribio,21,Defensive Midfield,A. Malagueño,-,in,Winter,0,Primera Division,2009,2009/2010
Málaga CF,Edinho,27,Centre-Forward,PAOK Salonika,Loan fee:£225Th.,out,Winter,0.225,Primera Division,2009,2009/2010
Málaga CF,Ibán Cuadrado,30,Centre-Back,Rayo Vallecano,Free transfer,out,Winter,0,Primera Division,2009,2009/2010
Villarreal CF,Jonathan Pereira,22,Centre-Forward,Real Betis,£3.06m,out,Winter,3.06,Primera Division,2009,2009/2010
Villarreal CF,Fabricio Fuentes,33,Centre-Back,Atlas,Free transfer,out,Winter,0,Primera Division,2009,2009/2010
Villarreal CF,Sebastián Eguren,29,Defensive Midfield,AIK,Loan,out,Winter,0,Primera Division,2009,2009/2010
Valencia CF,Alejandro Domínguez,28,Attacking Midfield,Rubin Kazan,Free transfer,in,Winter,0,Primera Division,2009,2009/2010
Valencia CF,Thiago Carleto,20,Left-Back,Elche CF,"End of loanDec 31, 2009",in,Winter,0,Primera Division,2009,2009/2010
Valencia CF,Asier del Horno,28,Left-Back,Real Valladolid,Loan fee:£563Th.,out,Winter,0.563,Primera Division,2009,2009/2010
Valencia CF,Ignacio González,27,Attacking Midfield,APO Levadiakos,Loan,out,Winter,0,Primera Division,2009,2009/2010
Valencia CF,Miku Fedor,24,Centre-Forward,Getafe,Free transfer,out,Winter,0,Primera Division,2009,2009/2010
Valencia CF,Thiago Carleto,20,Left-Back,São Paulo,Free transfer,out,Winter,0,Primera Division,2009,2009/2010
Deportivo de La Coruña,Juan Domínguez,19,Defensive Midfield,Deportivo B,-,in,Winter,0,Primera Division,2009,2009/2010
RCD Espanyol Barcelona,Daniel Osvaldo,23,Centre-Forward,Bologna,Loan fee:£450Th.,in,Winter,0.45,Primera Division,2009,2009/2010
RCD Espanyol Barcelona,Dídac Vilà,20,Left-Back,RCD Espanyol B,-,in,Winter,0,Primera Division,2009,2009/2010
RCD Espanyol Barcelona,Jordi Amat,17,Centre-Back,RCD Espanyol B,-,in,Winter,0,Primera Division,2009,2009/2010
RCD Espanyol Barcelona,Jônatas,27,Central Midfield,Botafogo,"End of loanDec 1, 2009",in,Winter,0,Primera Division,2009,2009/2010
RCD Espanyol Barcelona,Shunsuke Nakamura,31,Attacking Midfield,Yokohama F. M.,£1.08m,out,Winter,1.08,Primera Division,2009,2009/2010
RCD Espanyol Barcelona,Milan Smiljanic,23,Defensive Midfield,Sporting Gijón,Loan,out,Winter,0,Primera Division,2009,2009/2010
RCD Espanyol Barcelona,Julián López,22,Attacking Midfield,Retired,-,out,Winter,0,Primera Division,2009,2009/2010
Atlético Madrid,Eduardo Salvio,19,Right Winger,Lanús,£7.20m,in,Winter,7.2,Primera Division,2009,2009/2010
Atlético Madrid,Tiago,28,Central Midfield,Juventus,Loan fee:£900Th.,in,Winter,0.9,Primera Division,2009,2009/2010
Atlético Madrid,Ibrahima Balde,20,Centre-Forward,Atl. Madrid B,-,in,Winter,0,Primera Division,2009,2009/2010
Atlético Madrid,Joel Robles,19,Goalkeeper,Atl. Madrid B,-,in,Winter,0,Primera Division,2009,2009/2010
Atlético Madrid,Florent Sinama-Pongolle,25,Second Striker,Sporting CP,£5.85m,out,Winter,5.85,Primera Division,2009,2009/2010
Atlético Madrid,Cléber Santana,28,Central Midfield,São Paulo,£1.35m,out,Winter,1.35,Primera Division,2009,2009/2010
Atlético Madrid,Maxi Rodríguez,29,Left Winger,Liverpool,Free transfer,out,Winter,0,Primera Division,2009,2009/2010
Atlético Madrid,Roberto,23,Goalkeeper,Real Zaragoza,Loan,out,Winter,0,Primera Division,2009,2009/2010
Athletic Bilbao,Xabi Etxeita,22,Centre-Back,FC Cartagena,Loan,out,Winter,0,Primera Division,2009,2009/2010
Real Madrid,Ruud van Nistelrooy,33,Centre-Forward,Hamburger SV,Free transfer,out,Winter,0,Primera Division,2009,2009/2010
Sevilla FC,Marius Stankevicius,28,Centre-Back,Sampdoria,Loan fee:£450Th.,in,Winter,0.45,Primera Division,2009,2009/2010
Sevilla FC,Arouna Koné,26,Centre-Forward,Hannover 96,Loan fee:£450Th.,out,Winter,0.45,Primera Division,2009,2009/2010
Sevilla FC,Javier Chevantón,29,Centre-Forward,Atalanta,Loan,out,Winter,0,Primera Division,2009,2009/2010
Real Valladolid CF,Asier del Horno,28,Left-Back,Valencia,Loan fee:£563Th.,in,Winter,0.563,Primera Division,2009,2009/2010
Real Valladolid CF,Henrique Sereno,24,Centre-Back,Vit. Guimarães,£270Th.,in,Winter,0.27,Primera Division,2009,2009/2010
Real Valladolid CF,Keko,18,Right Winger,Atl. Madrid B,Loan,in,Winter,0,Primera Division,2009,2009/2010
Real Valladolid CF,Carlos Lázaro,19,Central Midfield,R. Valladolid B,-,in,Winter,0,Primera Division,2009,2009/2010
Real Valladolid CF,Asier Arranz,22,Central Midfield,CD Numancia,Free transfer,out,Winter,0,Primera Division,2009,2009/2010
CA Osasuna,Jon Echaide,21,Centre-Back,CA Osasuna Prom,-,in,Winter,0,Primera Division,2009,2009/2010
CA Osasuna,Kike Sola,23,Centre-Forward,CD Numancia,"End of loanDec 1, 2009",in,Winter,0,Primera Division,2009,2009/2010
CA Osasuna,Kike Sola,23,Centre-Forward,APO Levadiakos,Loan,out,Winter,0,Primera Division,2009,2009/2010
CA Osasuna,Javier Portillo,27,Centre-Forward,Hércules CF,?,out,Winter,NA,Primera Division,2009,2009/2010
CA Osasuna,Nicolás Medina,22,Centre-Forward,CD Castellón,Loan,out,Winter,0,Primera Division,2009,2009/2010
RCD Mallorca,Óscar Díaz,25,Centre-Forward,Recr. Huelva,Loan,out,Winter,0,Primera Division,2009,2009/2010
Real Zaragoza,Matteo Contini,29,Centre-Back,SSC Napoli,Loan fee:£450Th.,in,Winter,0.45,Primera Division,2009,2009/2010
Real Zaragoza,Eliseu,26,Left-Back,Lazio,Loan fee:£360Th.,in,Winter,0.36,Primera Division,2009,2009/2010
Real Zaragoza,Jiri Jarosik,32,Centre-Back,KS Samara,Free transfer,in,Winter,0,Primera Division,2009,2009/2010
Real Zaragoza,Edmílson,33,Defensive Midfield,Palmeiras,Free transfer,in,Winter,0,Primera Division,2009,2009/2010
Real Zaragoza,Humberto Suazo,28,Centre-Forward,Monterrey,Loan,in,Winter,0,Primera Division,2009,2009/2010
Real Zaragoza,Adrián Colunga,25,Centre-Forward,Recr. Huelva,Loan,in,Winter,0,Primera Division,2009,2009/2010
Real Zaragoza,Roberto,23,Goalkeeper,Atlético Madrid,Loan,in,Winter,0,Primera Division,2009,2009/2010
Real Zaragoza,Ewerthon,28,Centre-Forward,Palmeiras,£374Th.,out,Winter,0.374,Primera Division,2009,2009/2010
Real Zaragoza,Javier López Vallejo,34,Goalkeeper,APO Levadiakos,Free transfer,out,Winter,0,Primera Division,2009,2009/2010
Real Zaragoza,Franck Songo'o,22,Right Winger,Real Sociedad,Loan,out,Winter,0,Primera Division,2009,2009/2010
Real Zaragoza,Djaïd Kasri,22,Central Midfield,JS Kabylie,Free transfer,out,Winter,0,Primera Division,2009,2009/2010
Real Zaragoza,Roberto Ayala,36,Centre-Back,Racing Club,Free transfer,out,Winter,0,Primera Division,2009,2009/2010
Real Zaragoza,Braulio Nóbrega,24,Centre-Forward,Recr. Huelva,Loan,out,Winter,0,Primera Division,2009,2009/2010
Real Zaragoza,Pablo,21,Right Midfield,Gimnàstic,Loan,out,Winter,0,Primera Division,2009,2009/2010
Xerez CD,Nicolás Vigneri,26,Centre-Forward,Puebla FC,Loan,in,Winter,0,Primera Division,2009,2009/2010
Xerez CD,Matías Alustiza,25,Centre-Forward,Chacarita Jrs,Loan,in,Winter,0,Primera Division,2009,2009/2010
Xerez CD,Giancarlo Maldonado,27,Centre-Forward,Atlante,"End of loanDec 31, 2009",out,Winter,0,Primera Division,2009,2009/2010
FC Barcelona,Keirrison,21,Centre-Forward,Benfica,"End of loanDec 31, 2009",in,Winter,0,Primera Division,2009,2009/2010
FC Barcelona,Keirrison,21,Centre-Forward,Fiorentina,Loan,out,Winter,0,Primera Division,2009,2009/2010
