club_name,player_name,age,position,club_involved_name,fee,transfer_movement,transfer_period,fee_cleaned,league_name,year,season
RCD Espanyol Barcelona,Nicolás Pareja,24,Centre-Back,RSC Anderlecht,£4.50m,in,Summer,4.5,Primera Division,2008,2008/2009
RCD Espanyol Barcelona,Román Martínez,25,Central Midfield,Arsenal FC,£2.52m,in,Summer,2.52,Primera Division,2008,2008/2009
RCD Espanyol Barcelona,Grégory Béranger,26,Left-Back,CD Numancia,£1.35m,in,Summer,1.35,Primera Division,2008,2008/2009
RCD Espanyol Barcelona,José Callejón,21,Right Winger,RM Castilla,£1.08m,in,Summer,1.08,Primera Division,2008,2008/2009
RCD Espanyol Barcelona,Nenê,27,Attacking Midfield,Monaco,Loan fee:£630Th.,in,Summer,0.63,Primera Division,2008,2008/2009
RCD Espanyol Barcelona,Cristian Álvarez,22,Goalkeeper,CA Rosario,£540Th.,in,Summer,0.54,Primera Division,2008,2008/2009
RCD Espanyol Barcelona,Steve Finnan,32,Right-Back,Liverpool,?,in,Summer,NA,Primera Division,2008,2008/2009
RCD Espanyol Barcelona,Sergio Sánchez,22,Centre-Back,Racing,"End of loanJun 30, 2008",in,Summer,0,Primera Division,2008,2008/2009
RCD Espanyol Barcelona,Julián López,21,Attacking Midfield,Sevilla Atl.,"End of loanJun 30, 2008",in,Summer,0,Primera Division,2008,2008/2009
RCD Espanyol Barcelona,Eduardo Costa,25,Defensive Midfield,Grêmio,"End of loanJun 30, 2008",in,Summer,0,Primera Division,2008,2008/2009
RCD Espanyol Barcelona,Albert Riera,26,Left Winger,Liverpool,£8.82m,out,Summer,8.82,Primera Division,2008,2008/2009
RCD Espanyol Barcelona,Pablo Zabaleta,23,Right-Back,Man City,£7.83m,out,Summer,7.83,Primera Division,2008,2008/2009
RCD Espanyol Barcelona,Albert Serrán,23,Centre-Back,Swansea,£90Th.,out,Summer,0.09,Primera Division,2008,2008/2009
RCD Espanyol Barcelona,Frédson,27,Defensive Midfield,Goiás EC,Free transfer,out,Summer,0,Primera Division,2008,2008/2009
RCD Espanyol Barcelona,Moha,30,Attacking Midfield,Real Sociedad,Free transfer,out,Summer,0,Primera Division,2008,2008/2009
RCD Espanyol Barcelona,Kiko Casilla,21,Goalkeeper,Cádiz CF,Loan,out,Summer,0,Primera Division,2008,2008/2009
RCD Espanyol Barcelona,Iñaki Lafuente,32,Goalkeeper,Athletic,"End of loanJun 30, 2008",out,Summer,0,Primera Division,2008,2008/2009
RCD Espanyol Barcelona,Ewerthon,27,Centre-Forward,Real Zaragoza,"End of loanJun 30, 2008",out,Summer,0,Primera Division,2008,2008/2009
RCD Espanyol Barcelona,Clemente Rodríguez,26,Left-Back,Spartak Moscow,"End of loanJun 30, 2008",out,Summer,0,Primera Division,2008,2008/2009
Getafe CF,Roberto Soldado,23,Centre-Forward,Real Madrid,£5.40m,in,Summer,5.4,Primera Division,2008,2008/2009
Getafe CF,Jaime Gavilán,23,Left Winger,Valencia,£4.05m,in,Summer,4.05,Primera Division,2008,2008/2009
Getafe CF,Joffre Guerrón,23,Centre-Forward,LDU Quito,£3.60m,in,Summer,3.6,Primera Division,2008,2008/2009
Getafe CF,Esteban Granero,21,Central Midfield,Real Madrid,£2.70m,in,Summer,2.7,Primera Division,2008,2008/2009
Getafe CF,Ibrahim Kas,21,Centre-Back,Besiktas,Free transfer,in,Summer,0,Primera Division,2008,2008/2009
Getafe CF,Jacobo Sanz,24,Goalkeeper,Real Valladolid,Loan,in,Summer,0,Primera Division,2008,2008/2009
Getafe CF,Eugen Polanski,22,Defensive Midfield,Bor. M'gladbach,Free transfer,in,Summer,0,Primera Division,2008,2008/2009
Getafe CF,Rafa López,23,Centre-Back,Real Valladolid,?,in,Summer,NA,Primera Division,2008,2008/2009
Getafe CF,Adrián González,20,Attacking Midfield,Real Madrid,?,in,Summer,NA,Primera Division,2008,2008/2009
Getafe CF,Luis García,29,Goalkeeper,Celta de Vigo,"End of loanJun 30, 2008",in,Summer,0,Primera Division,2008,2008/2009
Getafe CF,Nacho,28,Left-Back,Real Sociedad,"End of loanJun 30, 2008",in,Summer,0,Primera Division,2008,2008/2009
Getafe CF,Alberto Aguilar,23,Centre-Back,Granada 74 CF,"End of loanJun 30, 2008",in,Summer,0,Primera Division,2008,2008/2009
Getafe CF,Rubén de la Red,23,Central Midfield,Real Madrid,£4.23m,out,Summer,4.23,Primera Division,2008,2008/2009
Getafe CF,Braulio Nóbrega,22,Centre-Forward,Real Zaragoza,£1.80m,out,Summer,1.8,Primera Division,2008,2008/2009
Getafe CF,Pablo Hernández,23,Attacking Midfield,Valencia,£900Th.,out,Summer,0.9,Primera Division,2008,2008/2009
Getafe CF,Miguel Pallardó,21,Central Midfield,Levante,Loan,out,Summer,0,Primera Division,2008,2008/2009
Getafe CF,Luis García,29,Goalkeeper,CD Tenerife,?,out,Summer,NA,Primera Division,2008,2008/2009
Getafe CF,Nacho,28,Left-Back,Málaga CF,Loan,out,Summer,0,Primera Division,2008,2008/2009
Getafe CF,Manuel Tena,30,Centre-Back,Rayo Vallecano,?,out,Summer,NA,Primera Division,2008,2008/2009
Getafe CF,Alberto Aguilar,23,Centre-Back,Albacete,?,out,Summer,NA,Primera Division,2008,2008/2009
Getafe CF,Pablo Redondo,26,Attacking Midfield,Gimnàstic,?,out,Summer,NA,Primera Division,2008,2008/2009
Getafe CF,Esteban Granero,20,Central Midfield,Real Madrid,"End of loanJun 30, 2008",out,Summer,0,Primera Division,2008,2008/2009
Getafe CF,Jaime Gavilán,23,Left Winger,Valencia,"End of loanJun 30, 2008",out,Summer,0,Primera Division,2008,2008/2009
UD Almería,Pablo Piatti,19,Left Winger,Estudiantes,£6.30m,in,Summer,6.3,Primera Division,2008,2008/2009
UD Almería,Esteban Solari,28,Centre-Forward,UNAM Pumas,£3.42m,in,Summer,3.42,Primera Division,2008,2008/2009
UD Almería,Hernán Pellerano,24,Centre-Back,Vélez Sarsfield,£2.70m,in,Summer,2.7,Primera Division,2008,2008/2009
UD Almería,Chico,21,Centre-Back,Cádiz CF,£630Th.,in,Summer,0.63,Primera Division,2008,2008/2009
UD Almería,Miguel Ángel Nieto,22,Left Winger,RM Castilla,Free transfer,in,Summer,0,Primera Division,2008,2008/2009
UD Almería,Esteban,33,Goalkeeper,Celta de Vigo,Free transfer,in,Summer,0,Primera Division,2008,2008/2009
UD Almería,Julio Álvarez,27,Attacking Midfield,CD Numancia,Free transfer,in,Summer,0,Primera Division,2008,2008/2009
UD Almería,Hugo López,20,Centre-Forward,Sporting B,Loan,in,Summer,0,Primera Division,2008,2008/2009
UD Almería,David Rodríguez,22,Centre-Forward,UD Salamanca,?,in,Summer,NA,Primera Division,2008,2008/2009
UD Almería,Míchel,18,Right-Back,Flamengo U20,?,in,Summer,NA,Primera Division,2008,2008/2009
UD Almería,Mario Bermejo,29,Second Striker,Poli Ejido,"End of loanJun 30, 2008",in,Summer,0,Primera Division,2008,2008/2009
UD Almería,Francisco Rodríguez,29,Centre-Forward,Granada 74 CF,"End of loanJun 30, 2008",in,Summer,0,Primera Division,2008,2008/2009
UD Almería,Natalio,23,Right Winger,Cádiz CF,"End of loanJun 30, 2008",in,Summer,0,Primera Division,2008,2008/2009
UD Almería,Felipe Melo,25,Defensive Midfield,Fiorentina,£7.20m,out,Summer,7.2,Primera Division,2008,2008/2009
UD Almería,Veljko Paunovic,30,Centre-Forward,Partizan,Free transfer,out,Summer,0,Primera Division,2008,2008/2009
UD Almería,Francisco Rodríguez,29,Centre-Forward,Alicante CF,Free transfer,out,Summer,0,Primera Division,2008,2008/2009
UD Almería,Mario Bermejo,29,Second Striker,Xerez CD,Free transfer,out,Summer,0,Primera Division,2008,2008/2009
UD Almería,Rubén Pulido,29,Centre-Back,Real Zaragoza,Free transfer,out,Summer,0,Primera Division,2008,2008/2009
UD Almería,Domingo Cisma,26,Left-Back,CD Numancia,Loan,out,Summer,0,Primera Division,2008,2008/2009
UD Almería,David Rodríguez,22,Centre-Forward,Celta de Vigo,Loan,out,Summer,0,Primera Division,2008,2008/2009
UD Almería,Aitor López Rekarte,32,Right-Back,Without Club,-,out,Summer,0,Primera Division,2008,2008/2009
UD Almería,David Cobeño,26,Goalkeeper,Sevilla FC,"End of loanJun 30, 2008",out,Summer,0,Primera Division,2008,2008/2009
Recreativo Huelva,Adrián Colunga,23,Centre-Forward,UD Las Palmas,£2.48m,in,Summer,2.48,Primera Division,2008,2008/2009
Recreativo Huelva,Sisinio,22,Attacking Midfield,Valencia,£630Th.,in,Summer,0.63,Primera Division,2008,2008/2009
Recreativo Huelva,Sebastián Nayar,20,Central Midfield,Boca Juniors II,£540Th.,in,Summer,0.54,Primera Division,2008,2008/2009
Recreativo Huelva,Asier Riesgo,24,Goalkeeper,Real Sociedad,Loan fee:£315Th.,in,Summer,0.315,Primera Division,2008,2008/2009
Recreativo Huelva,Nasief Morris,27,Centre-Back,Panathinaikos,Loan fee:£135Th.,in,Summer,0.135,Primera Division,2008,2008/2009
Recreativo Huelva,Javi Fuego,24,Defensive Midfield,Levante,£126Th.,in,Summer,0.126,Primera Division,2008,2008/2009
Recreativo Huelva,Andrés Lamas,24,Centre-Back,Defensor,Free transfer,in,Summer,0,Primera Division,2008,2008/2009
Recreativo Huelva,César Arzo,22,Centre-Back,Villarreal,Free transfer,in,Summer,0,Primera Division,2008,2008/2009
Recreativo Huelva,Kanga Akalé,27,Left Winger,Lens,Loan,in,Summer,0,Primera Division,2008,2008/2009
Recreativo Huelva,Roberto,22,Goalkeeper,Atlético Madrid,?,in,Summer,NA,Primera Division,2008,2008/2009
Recreativo Huelva,José Manuel Casado,21,Left-Back,Sevilla Atl.,Loan,in,Summer,0,Primera Division,2008,2008/2009
Recreativo Huelva,Emmanuel Badu,17,Central Midfield,Berekum Arsenal,Loan,in,Summer,0,Primera Division,2008,2008/2009
Recreativo Huelva,Joselito,23,Attacking Midfield,CyD Leonesa,"End of loanJun 30, 2008",in,Summer,0,Primera Division,2008,2008/2009
Recreativo Huelva,Florent Sinama-Pongolle,23,Second Striker,Atlético Madrid,£9.00m,out,Summer,9,Primera Division,2008,2008/2009
Recreativo Huelva,Carlos Martins,26,Attacking Midfield,Benfica,£2.16m,out,Summer,2.16,Primera Division,2008,2008/2009
Recreativo Huelva,Dani Bautista,27,Left-Back,Hércules CF,£990Th.,out,Summer,0.99,Primera Division,2008,2008/2009
Recreativo Huelva,Mariano Barbosa,23,Goalkeeper,Estudiantes,£720Th.,out,Summer,0.72,Primera Division,2008,2008/2009
Recreativo Huelva,Edu Moya,27,Right-Back,Celta de Vigo,Free transfer,out,Summer,0,Primera Division,2008,2008/2009
Recreativo Huelva,Laurentiu Rosu,32,Forward,Cádiz CF,Free transfer,out,Summer,0,Primera Division,2008,2008/2009
Recreativo Huelva,Edwin Congo,31,Centre-Forward,Olímpic Xàtiva,Free transfer,out,Summer,0,Primera Division,2008,2008/2009
Recreativo Huelva,José Antonio Luque,34,Goalkeeper,Écija Balompié,Free transfer,out,Summer,0,Primera Division,2008,2008/2009
Recreativo Huelva,Gerard López,29,Central Midfield,Without Club,-,out,Summer,0,Primera Division,2008,2008/2009
Recreativo Huelva,Stefano Sorrentino,29,Goalkeeper,AEK Athens,"End of loanJun 30, 2008",out,Summer,0,Primera Division,2008,2008/2009
Recreativo Huelva,Silvestre Varela,23,Left Winger,Sporting CP,"End of loanJun 30, 2008",out,Summer,0,Primera Division,2008,2008/2009
Recreativo Huelva,Marquitos,21,Attacking Midfield,Villarreal,"End of loanJun 30, 2008",out,Summer,0,Primera Division,2008,2008/2009
Recreativo Huelva,Martín Cáceres,21,Centre-Back,Villarreal,"End of loanJun 30, 2008",out,Summer,0,Primera Division,2008,2008/2009
Recreativo Huelva,José Calvo,26,Right-Back,Boca Juniors,"End of loanJun 30, 2008",out,Summer,0,Primera Division,2008,2008/2009
Sporting Gijón,Francisco Maldonado,27,Attacking Midfield,Real Betis,£90Th.,in,Summer,0.09,Primera Division,2008,2008/2009
Sporting Gijón,Carmelo,24,Attacking Midfield,Levante,Free transfer,in,Summer,0,Primera Division,2008,2008/2009
Sporting Gijón,Diego Camacho,31,Defensive Midfield,Levante,Free transfer,in,Summer,0,Primera Division,2008,2008/2009
Sporting Gijón,Jürgen Colin,27,Centre-Back,Ajax,Free transfer,in,Summer,0,Primera Division,2008,2008/2009
Sporting Gijón,Iván Cuéllar,24,Goalkeeper,Atlético Madrid,?,in,Summer,NA,Primera Division,2008,2008/2009
Sporting Gijón,Alejandro García,24,Goalkeeper,FC Cartagena,"End of loanJun 30, 2008",in,Summer,0,Primera Division,2008,2008/2009
Sporting Gijón,Noel Alonso,21,Left-Back,Celta Vigo B,"End of loanJun 30, 2008",in,Summer,0,Primera Division,2008,2008/2009
Sporting Gijón,Roberto Fernández,29,Goalkeeper,CA Osasuna,Free transfer,out,Summer,0,Primera Division,2008,2008/2009
Sporting Gijón,Chus Bravo,29,Centre-Back,Mérida UD,Free transfer,out,Summer,0,Primera Division,2008,2008/2009
Sporting Gijón,Alejandro García,24,Goalkeeper,Ponferradina,Free transfer,out,Summer,0,Primera Division,2008,2008/2009
Sporting Gijón,Jorge Pina,25,Attacking Midfield,Levante,Free transfer,out,Summer,0,Primera Division,2008,2008/2009
Sporting Gijón,Noel Alonso,21,Left-Back,UD Melilla,Loan,out,Summer,0,Primera Division,2008,2008/2009
Sporting Gijón,Jony López,21,Centre-Back,FC Barcelona B,Loan,out,Summer,0,Primera Division,2008,2008/2009
Sporting Gijón,Marcos Landeira,21,Central Midfield,UD Melilla,Loan,out,Summer,0,Primera Division,2008,2008/2009
Sporting Gijón,Carlos Hidalgo,22,Centre-Forward,Deportivo Pasto,"End of loanJun 30, 2008",out,Summer,0,Primera Division,2008,2008/2009
CD Numancia,Asier Goiria,27,Centre-Forward,SD Eibar,£270Th.,in,Summer,0.27,Primera Division,2008,2008/2009
CD Numancia,José Javier Barkero,29,Attacking Midfield,Albacete,Free transfer,in,Summer,0,Primera Division,2008,2008/2009
CD Numancia,Juan Pablo,29,Goalkeeper,CD Tenerife,Free transfer,in,Summer,0,Primera Division,2008,2008/2009
CD Numancia,Antonio Guayre,28,Right Winger,Celta de Vigo,Free transfer,in,Summer,0,Primera Division,2008,2008/2009
CD Numancia,Carlos Aranda,27,Centre-Forward,Granada 74 CF,Free transfer,in,Summer,0,Primera Division,2008,2008/2009
CD Numancia,Dimas Delgado,25,Defensive Midfield,FC Barcelona B,?,in,Summer,NA,Primera Division,2008,2008/2009
CD Numancia,Roberto Platero,21,Centre-Forward,Racing B,?,in,Summer,NA,Primera Division,2008,2008/2009
CD Numancia,Domingo Cisma,26,Left-Back,UD Almería,Loan,in,Summer,0,Primera Division,2008,2008/2009
CD Numancia,Carlos Bellvís,23,Left-Back,Valencia B,Loan,in,Summer,0,Primera Division,2008,2008/2009
CD Numancia,Álvaro Antón,24,Attacking Midfield,Real Valladolid,Loan,in,Summer,0,Primera Division,2008,2008/2009
CD Numancia,Grégory Béranger,26,Left-Back,Espanyol,£1.35m,out,Summer,1.35,Primera Division,2008,2008/2009
CD Numancia,Jacobo Sanz,24,Goalkeeper,Real Valladolid,£450Th.,out,Summer,0.45,Primera Division,2008,2008/2009
CD Numancia,César Huete,23,Right Winger,CD Dénia,Free transfer,out,Summer,0,Primera Division,2008,2008/2009
CD Numancia,Sietes,34,Left-Back,CD Lealtad,Free transfer,out,Summer,0,Primera Division,2008,2008/2009
CD Numancia,Álvaro Núñez,35,Goalkeeper,CD Guadalajara,Free transfer,out,Summer,0,Primera Division,2008,2008/2009
CD Numancia,Rafa Jordá,24,Centre-Forward,Alicante CF,Free transfer,out,Summer,0,Primera Division,2008,2008/2009
CD Numancia,Bolo,34,Centre-Forward,Barakaldo CF,Free transfer,out,Summer,0,Primera Division,2008,2008/2009
CD Numancia,Sergio Aragoneses,31,Goalkeeper,CD Tenerife,Free transfer,out,Summer,0,Primera Division,2008,2008/2009
CD Numancia,Julio Álvarez,27,Attacking Midfield,UD Almería,Free transfer,out,Summer,0,Primera Division,2008,2008/2009
CD Numancia,Carmelo,24,Attacking Midfield,Levante,"End of loanJun 30, 2008",out,Summer,0,Primera Division,2008,2008/2009
Málaga CF,Weligton,28,Centre-Back,Grasshoppers,£450Th.,in,Summer,0.45,Primera Division,2008,2008/2009
Málaga CF,Albert Luque,30,Left Winger,Ajax,Loan fee:£450Th.,in,Summer,0.45,Primera Division,2008,2008/2009
Málaga CF,Miguel Ángel,29,Defensive Midfield,Real Betis,£90Th.,in,Summer,0.09,Primera Division,2008,2008/2009
Málaga CF,Pere Martí,26,Defensive Midfield,Elche CF,Free transfer,in,Summer,0,Primera Division,2008,2008/2009
Málaga CF,Lolo,23,Defensive Midfield,Sevilla FC,Loan,in,Summer,0,Primera Division,2008,2008/2009
Málaga CF,Ibán Cuadrado,29,Centre-Back,Real Murcia,Free transfer,in,Summer,0,Primera Division,2008,2008/2009
Málaga CF,Fernando,29,Attacking Midfield,Real Betis,Free transfer,in,Summer,0,Primera Division,2008,2008/2009
Málaga CF,Manolo Gaspar,27,Right-Back,Levante,Free transfer,in,Summer,0,Primera Division,2008,2008/2009
Málaga CF,Nacho,28,Left-Back,Getafe,Loan,in,Summer,0,Primera Division,2008,2008/2009
Málaga CF,José Luque,30,Left Midfield,Granada 74 CF,?,in,Summer,NA,Primera Division,2008,2008/2009
Málaga CF,Duda,28,Left Midfield,Sevilla FC,Loan,in,Summer,0,Primera Division,2008,2008/2009
Málaga CF,Adrián López,20,Centre-Forward,Dep. La Coruña,Loan,in,Summer,0,Primera Division,2008,2008/2009
Málaga CF,Pablo,19,Right Midfield,Real Zaragoza,Loan,in,Summer,0,Primera Division,2008,2008/2009
Málaga CF,Ernesto Gómez,23,Left Midfield,Ponferradina,"End of loanJun 30, 2008",in,Summer,0,Primera Division,2008,2008/2009
Málaga CF,Santiago Carpintero,31,Central Midfield,Córdoba CF,Free transfer,out,Summer,0,Primera Division,2008,2008/2009
Málaga CF,Jesule,35,Centre-Back,Mérida UD,Free transfer,out,Summer,0,Primera Division,2008,2008/2009
Málaga CF,Antonio Hidalgo,29,Central Midfield,Real Zaragoza,Free transfer,out,Summer,0,Primera Division,2008,2008/2009
Málaga CF,Ernesto Gómez,23,Left Midfield,Ponferradina,Free transfer,out,Summer,0,Primera Division,2008,2008/2009
Málaga CF,Roberto Peragón,30,Right Winger,Alicante CF,Free transfer,out,Summer,0,Primera Division,2008,2008/2009
Málaga CF,Raúl Gaitán,28,Right-Back,Poli Ejido,Free transfer,out,Summer,0,Primera Division,2008,2008/2009
Málaga CF,José Ángel Gascón,23,Central Midfield,CA Osasuna Prom,?,out,Summer,NA,Primera Division,2008,2008/2009
Málaga CF,Stevan Stosic,23,Attacking Midfield,Racing Ferrol,?,out,Summer,NA,Primera Division,2008,2008/2009
Málaga CF,Zule,18,Left Winger,Inter,?,out,Summer,NA,Primera Division,2008,2008/2009
Málaga CF,Álvaro Silva,24,Centre-Back,Xerez CD,Loan,out,Summer,0,Primera Division,2008,2008/2009
Málaga CF,Sandro,33,Central Midfield,Retired,-,out,Summer,0,Primera Division,2008,2008/2009
Málaga CF,Vicente Valcarce,33,Left-Back,Retired,-,out,Summer,0,Primera Division,2008,2008/2009
Málaga CF,Iván Rosado,34,Centre-Forward,Retired,-,out,Summer,0,Primera Division,2008,2008/2009
Málaga CF,Paulo Jorge,27,Right Winger,Benfica,"End of loanJun 30, 2008",out,Summer,0,Primera Division,2008,2008/2009
Málaga CF,Jon Erice,21,Central Midfield,CA Osasuna,"End of loanJun 30, 2008",out,Summer,0,Primera Division,2008,2008/2009
Málaga CF,Weligton,28,Centre-Back,Grasshoppers,"End of loanJun 30, 2008",out,Summer,0,Primera Division,2008,2008/2009
Villarreal CF,Damián Escudero,21,Attacking Midfield,Vélez Sarsfield,£7.20m,in,Summer,7.2,Primera Division,2008,2008/2009
Villarreal CF,Jozy Altidore,18,Centre-Forward,NY Red Bulls,£5.85m,in,Summer,5.85,Primera Division,2008,2008/2009
Villarreal CF,Joseba Llorente,28,Centre-Forward,Real Valladolid,£4.95m,in,Summer,4.95,Primera Division,2008,2008/2009
Villarreal CF,Robert Flores,22,Attacking Midfield,River Plate,£1.89m,in,Summer,1.89,Primera Division,2008,2008/2009
Villarreal CF,Ariel Ibagaza,31,Attacking Midfield,RCD Mallorca,£1.80m,in,Summer,1.8,Primera Division,2008,2008/2009
Villarreal CF,Sebastián Eguren,27,Defensive Midfield,Hammarby,£1.17m,in,Summer,1.17,Primera Division,2008,2008/2009
Villarreal CF,Edmílson,31,Defensive Midfield,FC Barcelona,Free transfer,in,Summer,0,Primera Division,2008,2008/2009
Villarreal CF,Marquitos,21,Attacking Midfield,Recr. Huelva,"End of loanJun 30, 2008",in,Summer,0,Primera Division,2008,2008/2009
Villarreal CF,César Arzo,22,Centre-Back,Real Murcia,"End of loanJun 30, 2008",in,Summer,0,Primera Division,2008,2008/2009
Villarreal CF,Jonathan Pereira,21,Centre-Forward,Racing Ferrol,"End of loanJun 30, 2008",in,Summer,0,Primera Division,2008,2008/2009
Villarreal CF,Martín Cáceres,21,Centre-Back,Recr. Huelva,"End of loanJun 30, 2008",in,Summer,0,Primera Division,2008,2008/2009
Villarreal CF,Leandro Somoza,27,Defensive Midfield,Real Betis,"End of loanJun 30, 2008",in,Summer,0,Primera Division,2008,2008/2009
Villarreal CF,Rio Mavuba,24,Defensive Midfield,LOSC Lille,"End of loanJun 30, 2008",in,Summer,0,Primera Division,2008,2008/2009
Villarreal CF,Mathías Vidangossy,21,Attacking Midfield,Audax Italiano,"End of loanJun 30, 2008",in,Summer,0,Primera Division,2008,2008/2009
Villarreal CF,Leonardo Sigali,21,Centre-Back,Lanús,"End of loanJun 30, 2008",in,Summer,0,Primera Division,2008,2008/2009
Villarreal CF,Martín Cáceres,21,Centre-Back,FC Barcelona,£14.85m,out,Summer,14.85,Primera Division,2008,2008/2009
Villarreal CF,Rio Mavuba,24,Defensive Midfield,LOSC Lille,£6.30m,out,Summer,6.3,Primera Division,2008,2008/2009
Villarreal CF,Josico,33,Defensive Midfield,Fenerbahce,£900Th.,out,Summer,0.9,Primera Division,2008,2008/2009
Villarreal CF,Josemi,28,Centre-Back,RCD Mallorca,Free transfer,out,Summer,0,Primera Division,2008,2008/2009
Villarreal CF,Jon Dahl Tomasson,31,Centre-Forward,Feyenoord,Free transfer,out,Summer,0,Primera Division,2008,2008/2009
Villarreal CF,César Arzo,22,Centre-Back,Recr. Huelva,Free transfer,out,Summer,0,Primera Division,2008,2008/2009
Villarreal CF,Marquitos,21,Attacking Midfield,Real Sociedad,Loan,out,Summer,0,Primera Division,2008,2008/2009
Villarreal CF,Robert Flores,22,Attacking Midfield,River Plate,Loan,out,Summer,0,Primera Division,2008,2008/2009
Villarreal CF,Damián Escudero,21,Attacking Midfield,Real Valladolid,Loan,out,Summer,0,Primera Division,2008,2008/2009
Villarreal CF,Mathías Vidangossy,21,Attacking Midfield,CD Everton,?,out,Summer,NA,Primera Division,2008,2008/2009
Villarreal CF,Leandro Somoza,27,Defensive Midfield,Vélez Sarsfield,Loan,out,Summer,0,Primera Division,2008,2008/2009
Villarreal CF,Jonathan Pereira,21,Centre-Forward,Racing,Loan,out,Summer,0,Primera Division,2008,2008/2009
Villarreal CF,Leonardo Sigali,21,Centre-Back,Godoy Cruz,Loan,out,Summer,0,Primera Division,2008,2008/2009
Villarreal CF,Feliciano Condesso,21,Attacking Midfield,Villarreal CF B,-,out,Summer,0,Primera Division,2008,2008/2009
Villarreal CF,Sebastián Eguren,27,Defensive Midfield,Hammarby,"End of loanJun 30, 2008",out,Summer,0,Primera Division,2008,2008/2009
Valencia CF,Renan,23,Goalkeeper,Internacional,£4.50m,in,Summer,4.5,Primera Division,2008,2008/2009
Valencia CF,Pablo Hernández,23,Attacking Midfield,Getafe,£900Th.,in,Summer,0.9,Primera Division,2008,2008/2009
Valencia CF,Ignacio González,26,Attacking Midfield,Danubio FC,?,in,Summer,NA,Primera Division,2008,2008/2009
Valencia CF,Jordi Alba,19,Left-Back,Valencia B,-,in,Summer,0,Primera Division,2008,2008/2009
Valencia CF,Arturo Navarro,19,Centre-Back,Valencia B,-,in,Summer,0,Primera Division,2008,2008/2009
Valencia CF,Mario Regueiro,29,Left Winger,Real Murcia,"End of loanJun 30, 2008",in,Summer,0,Primera Division,2008,2008/2009
Valencia CF,João Moreira,22,Centre-Forward,Leixões,"End of loanJun 30, 2008",in,Summer,0,Primera Division,2008,2008/2009
Valencia CF,Aarón Ñíguez,19,Right Winger,Iraklis,"End of loanJun 30, 2008",in,Summer,0,Primera Division,2008,2008/2009
Valencia CF,Fabián Estoyanoff,25,Right Midfield,Peñarol,"End of loanJun 30, 2008",in,Summer,0,Primera Division,2008,2008/2009
Valencia CF,Manuel Fernandes,22,Attacking Midfield,Everton,"End of loanJun 30, 2008",in,Summer,0,Primera Division,2008,2008/2009
Valencia CF,Jaime Gavilán,23,Left Winger,Getafe,"End of loanJun 30, 2008",in,Summer,0,Primera Division,2008,2008/2009
Valencia CF,David Cerra,24,Right-Back,Poli Ejido,"End of loanJun 30, 2008",in,Summer,0,Primera Division,2008,2008/2009
Valencia CF,Sisinio,22,Attacking Midfield,Real Valladolid,"End of loanJun 30, 2008",in,Summer,0,Primera Division,2008,2008/2009
Valencia CF,Asier del Horno,27,Left-Back,Athletic,"End of loanJun 30, 2008",in,Summer,0,Primera Division,2008,2008/2009
Valencia CF,Curro Torres,31,Right-Back,Real Murcia,"End of loanJun 30, 2008",in,Summer,0,Primera Division,2008,2008/2009
Valencia CF,Ludovic Butelle,25,Goalkeeper,Real Valladolid,"End of loanJun 30, 2008",in,Summer,0,Primera Division,2008,2008/2009
Valencia CF,Hugo Viana,25,Central Midfield,CA Osasuna,"End of loanJun 30, 2008",in,Summer,0,Primera Division,2008,2008/2009
Valencia CF,Manuel Ruz,22,Right-Back,Granada 74 CF,"End of loanJun 30, 2008",in,Summer,0,Primera Division,2008,2008/2009
Valencia CF,Jaime Gavilán,23,Left Winger,Getafe,£4.05m,out,Summer,4.05,Primera Division,2008,2008/2009
Valencia CF,Javier Arizmendi,24,Centre-Forward,Real Zaragoza,£3.60m,out,Summer,3.6,Primera Division,2008,2008/2009
Valencia CF,Éver Banega,20,Central Midfield,Atlético Madrid,Loan fee:£1.35m,out,Summer,1.35,Primera Division,2008,2008/2009
Valencia CF,Sisinio,22,Attacking Midfield,Recr. Huelva,£630Th.,out,Summer,0.63,Primera Division,2008,2008/2009
Valencia CF,Ludovic Butelle,25,Goalkeeper,LOSC Lille,Loan,out,Summer,0,Primera Division,2008,2008/2009
Valencia CF,Fabián Estoyanoff,25,Right Midfield,Panionios,Free transfer,out,Summer,0,Primera Division,2008,2008/2009
Valencia CF,Aarón Ñíguez,19,Right Winger,Rangers,Loan,out,Summer,0,Primera Division,2008,2008/2009
Valencia CF,João Moreira,22,Centre-Forward,Beira-Mar,Free transfer,out,Summer,0,Primera Division,2008,2008/2009
Valencia CF,Jordi Alba,19,Left-Back,Gimnàstic,Loan,out,Summer,0,Primera Division,2008,2008/2009
Valencia CF,Ignacio González,26,Attacking Midfield,Newcastle,Loan,out,Summer,0,Primera Division,2008,2008/2009
Valencia CF,David Cerra,24,Right-Back,Levante,Free transfer,out,Summer,0,Primera Division,2008,2008/2009
Valencia CF,Mario Regueiro,29,Left Winger,Aris Saloniki,Free transfer,out,Summer,0,Primera Division,2008,2008/2009
Valencia CF,Juan Luis Mora,34,Goalkeeper,Levante,Free transfer,out,Summer,0,Primera Division,2008,2008/2009
Valencia CF,Sunny,19,Defensive Midfield,CA Osasuna,Loan,out,Summer,0,Primera Division,2008,2008/2009
Valencia CF,Marco Caneira,29,Centre-Back,Sporting CP,Free transfer,out,Summer,0,Primera Division,2008,2008/2009
Valencia CF,Manuel Ruz,22,Right-Back,Hércules CF,?,out,Summer,NA,Primera Division,2008,2008/2009
Valencia CF,Ángel Montoro,20,Central Midfield,Real Murcia,Loan,out,Summer,0,Primera Division,2008,2008/2009
Valencia CF,Santiago Cañizares,38,Goalkeeper,Retired,-,out,Summer,0,Primera Division,2008,2008/2009
Deportivo de La Coruña,Omar Bravo,28,Centre-Forward,Chivas,£3.24m,in,Summer,3.24,Primera Division,2008,2008/2009
Deportivo de La Coruña,Filipe Luís,22,Left-Back,Rentistas,£1.98m,in,Summer,1.98,Primera Division,2008,2008/2009
Deportivo de La Coruña,Ángel Lafita,23,Left Winger,Real Zaragoza,£1.80m,in,Summer,1.8,Primera Division,2008,2008/2009
Deportivo de La Coruña,Diego Colotto,27,Centre-Back,Atlas,£1.26m,in,Summer,1.26,Primera Division,2008,2008/2009
Deportivo de La Coruña,Daniel Aranzubia,28,Goalkeeper,Athletic,Free transfer,in,Summer,0,Primera Division,2008,2008/2009
Deportivo de La Coruña,Mista,29,Centre-Forward,Atlético Madrid,Free transfer,in,Summer,0,Primera Division,2008,2008/2009
Deportivo de La Coruña,Zé Castro,25,Centre-Back,Atlético Madrid,Loan,in,Summer,0,Primera Division,2008,2008/2009
Deportivo de La Coruña,Laure,23,Right-Back,Deportivo B,-,in,Summer,0,Primera Division,2008,2008/2009
Deportivo de La Coruña,Juanan,21,Centre-Back,Deportivo B,-,in,Summer,0,Primera Division,2008,2008/2009
Deportivo de La Coruña,Álex Bergantiños,23,Defensive Midfield,Deportivo B,-,in,Summer,0,Primera Division,2008,2008/2009
Deportivo de La Coruña,Momo,25,Left Winger,Xerez CD,"End of loanJun 30, 2008",in,Summer,0,Primera Division,2008,2008/2009
Deportivo de La Coruña,Rodri,23,Centre-Back,Poli Ejido,"End of loanJun 30, 2008",in,Summer,0,Primera Division,2008,2008/2009
Deportivo de La Coruña,Jairo Álvarez,22,Attacking Midfield,Alavés,"End of loanJun 30, 2008",in,Summer,0,Primera Division,2008,2008/2009
Deportivo de La Coruña,Pablo Álvarez,28,Right Winger,Racing,"End of loanJun 30, 2008",in,Summer,0,Primera Division,2008,2008/2009
Deportivo de La Coruña,Adrián López,20,Centre-Forward,Alavés,"End of loanJun 30, 2008",in,Summer,0,Primera Division,2008,2008/2009
Deportivo de La Coruña,Fabricio Coloccini,26,Centre-Back,Newcastle,£11.70m,out,Summer,11.7,Primera Division,2008,2008/2009
Deportivo de La Coruña,Xisco,22,Centre-Forward,Newcastle,£5.11m,out,Summer,5.11,Primera Division,2008,2008/2009
Deportivo de La Coruña,Chapi,23,Centre-Back,Zulte Waregem,Free transfer,out,Summer,0,Primera Division,2008,2008/2009
Deportivo de La Coruña,Momo,25,Left Winger,Xerez CD,Free transfer,out,Summer,0,Primera Division,2008,2008/2009
Deportivo de La Coruña,Jairo Álvarez,22,Attacking Midfield,Lorca Dep.,Loan,out,Summer,0,Primera Division,2008,2008/2009
Deportivo de La Coruña,Rodri,23,Centre-Back,Marítimo,Loan,out,Summer,0,Primera Division,2008,2008/2009
Deportivo de La Coruña,Rubén Castro,27,Centre-Forward,SD Huesca,Loan,out,Summer,0,Primera Division,2008,2008/2009
Deportivo de La Coruña,Adrián López,20,Centre-Forward,Málaga CF,Loan,out,Summer,0,Primera Division,2008,2008/2009
Deportivo de La Coruña,Álex Bergantiños,23,Defensive Midfield,Xerez CD,Loan,out,Summer,0,Primera Division,2008,2008/2009
Deportivo de La Coruña,Manu Fernández,22,Goalkeeper,Deportivo B,-,out,Summer,0,Primera Division,2008,2008/2009
Deportivo de La Coruña,Iván Carril,23,Attacking Midfield,Deportivo B,-,out,Summer,0,Primera Division,2008,2008/2009
Deportivo de La Coruña,Ángel Lafita,23,Left Winger,Real Zaragoza,"End of loanJun 30, 2008",out,Summer,0,Primera Division,2008,2008/2009
Deportivo de La Coruña,Christian Wilhelmsson,28,Right Winger,FC Nantes,"End of loanJun 30, 2008",out,Summer,0,Primera Division,2008,2008/2009
Deportivo de La Coruña,Filipe Luís,22,Left-Back,Rentistas,"End of loanJun 30, 2008",out,Summer,0,Primera Division,2008,2008/2009
Atlético Madrid,Johnny Heitinga,24,Centre-Back,Ajax,£9.00m,in,Summer,9,Primera Division,2008,2008/2009
Atlético Madrid,Florent Sinama-Pongolle,23,Second Striker,Recr. Huelva,£9.00m,in,Summer,9,Primera Division,2008,2008/2009
Atlético Madrid,Paulo Assunção,28,Defensive Midfield,FC Porto,£2.70m,in,Summer,2.7,Primera Division,2008,2008/2009
Atlético Madrid,Grégory Coupet,35,Goalkeeper,Olympique Lyon,£1.80m,in,Summer,1.8,Primera Division,2008,2008/2009
Atlético Madrid,Éver Banega,20,Central Midfield,Valencia,Loan fee:£1.35m,in,Summer,1.35,Primera Division,2008,2008/2009
Atlético Madrid,Tomas Ujfalusi,30,Centre-Back,Fiorentina,Free transfer,in,Summer,0,Primera Division,2008,2008/2009
Atlético Madrid,Álvaro Domínguez,19,Centre-Back,Atl. Madrid B,-,in,Summer,0,Primera Division,2008,2008/2009
Atlético Madrid,Ángel Bernabé,20,Goalkeeper,Atl. Madrid B,-,in,Summer,0,Primera Division,2008,2008/2009
Atlético Madrid,Iván Cuéllar,24,Goalkeeper,SD Eibar,"End of loanJun 30, 2008",in,Summer,0,Primera Division,2008,2008/2009
Atlético Madrid,Diego Costa,19,Centre-Forward,Celta de Vigo,"End of loanJun 30, 2008",in,Summer,0,Primera Division,2008,2008/2009
Atlético Madrid,Roberto,22,Goalkeeper,Gimnàstic,"End of loanJun 30, 2008",in,Summer,0,Primera Division,2008,2008/2009
Atlético Madrid,Maniche,30,Central Midfield,Inter,"End of loanJun 30, 2008",in,Summer,0,Primera Division,2008,2008/2009
Atlético Madrid,Mario Suárez,21,Defensive Midfield,Celta de Vigo,"End of loanJun 30, 2008",in,Summer,0,Primera Division,2008,2008/2009
Atlético Madrid,José Antonio Reyes,24,Right Winger,Benfica,Loan fee:£2.39m,out,Summer,2.39,Primera Division,2008,2008/2009
Atlético Madrid,Mario Suárez,21,Defensive Midfield,RCD Mallorca,£720Th.,out,Summer,0.72,Primera Division,2008,2008/2009
Atlético Madrid,Fabiano Eller,30,Centre-Back,Santos FC,Free transfer,out,Summer,0,Primera Division,2008,2008/2009
Atlético Madrid,Mista,29,Centre-Forward,Dep. La Coruña,Free transfer,out,Summer,0,Primera Division,2008,2008/2009
Atlético Madrid,Iván Cuéllar,24,Goalkeeper,Sporting Gijón,?,out,Summer,NA,Primera Division,2008,2008/2009
Atlético Madrid,Ismael Falcón,24,Goalkeeper,Celta de Vigo,?,out,Summer,NA,Primera Division,2008,2008/2009
Atlético Madrid,José Manuel Jurado,22,Attacking Midfield,RCD Mallorca,Loan,out,Summer,0,Primera Division,2008,2008/2009
Atlético Madrid,Zé Castro,25,Centre-Back,Dep. La Coruña,Loan,out,Summer,0,Primera Division,2008,2008/2009
Atlético Madrid,Roberto,22,Goalkeeper,Recr. Huelva,?,out,Summer,NA,Primera Division,2008,2008/2009
Atlético Madrid,Diego Costa,19,Centre-Forward,Albacete,Loan,out,Summer,0,Primera Division,2008,2008/2009
Atlético Madrid,Cléber Santana,27,Central Midfield,RCD Mallorca,Loan,out,Summer,0,Primera Division,2008,2008/2009
Atlético Madrid,Juan Valera,23,Right-Back,Racing,Loan,out,Summer,0,Primera Division,2008,2008/2009
Atlético Madrid,Didi Rodríguez,23,Right Winger,Atl. Madrid B,-,out,Summer,0,Primera Division,2008,2008/2009
Atlético Madrid,Joshua Zapata,19,Central Midfield,Atl. Madrid B,-,out,Summer,0,Primera Division,2008,2008/2009
Atlético Madrid,Thiago Motta,25,Defensive Midfield,Without Club,-,out,Summer,0,Primera Division,2008,2008/2009
Atlético Madrid,Christian Abbiati,30,Goalkeeper,AC Milan,"End of loanJun 30, 2008",out,Summer,0,Primera Division,2008,2008/2009
Racing Santander,Jorge Gonçalves,24,Right Winger,Leixões,£900Th.,in,Summer,0.9,Primera Division,2008,2008/2009
Racing Santander,Peter Luccin,29,Defensive Midfield,Real Zaragoza,Loan fee:£900Th.,in,Summer,0.9,Primera Division,2008,2008/2009
Racing Santander,Mehdi Lacen,24,Defensive Midfield,Alavés,£585Th.,in,Summer,0.585,Primera Division,2008,2008/2009
Racing Santander,Zé António,31,Centre-Back,Bor. M'gladbach,Free transfer,in,Summer,0,Primera Division,2008,2008/2009
Racing Santander,Ezequiel Garay,21,Centre-Back,Real Madrid,Loan,in,Summer,0,Primera Division,2008,2008/2009
Racing Santander,Jonathan Pereira,21,Centre-Forward,Villarreal,Loan,in,Summer,0,Primera Division,2008,2008/2009
Racing Santander,Laszlo Sepsi,21,Left-Back,Benfica,Loan,in,Summer,0,Primera Division,2008,2008/2009
Racing Santander,Juan Valera,23,Right-Back,Atlético Madrid,Loan,in,Summer,0,Primera Division,2008,2008/2009
Racing Santander,Edu Bedia,19,Central Midfield,Racing B,-,in,Summer,0,Primera Division,2008,2008/2009
Racing Santander,Vitolo,24,Defensive Midfield,Celta de Vigo,"End of loanJun 30, 2008",in,Summer,0,Primera Division,2008,2008/2009
Racing Santander,Juanjo Expósito,22,Centre-Forward,Sevilla Atl.,"End of loanJun 30, 2008",in,Summer,0,Primera Division,2008,2008/2009
Racing Santander,Samuel San José,24,Centre-Back,UD Las Palmas,"End of loanJun 30, 2008",in,Summer,0,Primera Division,2008,2008/2009
Racing Santander,Cristian Portilla,19,Central Midfield,Racing Ferrol,"End of loanJun 1, 2008",in,Summer,0,Primera Division,2008,2008/2009
Racing Santander,Bolaño,22,Centre-Back,UD Las Palmas,"End of loanJun 30, 2008",in,Summer,0,Primera Division,2008,2008/2009
Racing Santander,Ezequiel Garay,21,Centre-Back,Real Madrid,£9.00m,out,Summer,9,Primera Division,2008,2008/2009
Racing Santander,Jorge López,29,Right Winger,Real Zaragoza,£2.70m,out,Summer,2.7,Primera Division,2008,2008/2009
Racing Santander,Aldo Duscher,29,Defensive Midfield,Sevilla FC,£2.25m,out,Summer,2.25,Primera Division,2008,2008/2009
Racing Santander,Juan Calatayud,28,Goalkeeper,Hércules CF,Free transfer,out,Summer,0,Primera Division,2008,2008/2009
Racing Santander,Ayoze Díaz,26,Left-Back,RCD Mallorca,Free transfer,out,Summer,0,Primera Division,2008,2008/2009
Racing Santander,Cristian Portilla,19,Central Midfield,Ponferradina,Loan,out,Summer,0,Primera Division,2008,2008/2009
Racing Santander,Samuel San José,24,Centre-Back,UD Las Palmas,Free transfer,out,Summer,0,Primera Division,2008,2008/2009
Racing Santander,Vitolo,24,Defensive Midfield,Aris Saloniki,Loan,out,Summer,0,Primera Division,2008,2008/2009
Racing Santander,Jonathan Valle,23,Attacking Midfield,Ponferradina,Loan,out,Summer,0,Primera Division,2008,2008/2009
Racing Santander,Iván Bolado,18,Centre-Forward,Elche CF,Loan,out,Summer,0,Primera Division,2008,2008/2009
Racing Santander,Ebi Smolarek,27,Centre-Forward,Bolton,Loan,out,Summer,0,Primera Division,2008,2008/2009
Racing Santander,Brian Sarmiento,18,Attacking Midfield,Xerez CD,Loan,out,Summer,0,Primera Division,2008,2008/2009
Racing Santander,Jordi López,27,Central Midfield,RCD Mallorca,"End of loanJun 30, 2008",out,Summer,0,Primera Division,2008,2008/2009
Racing Santander,Sergio Sánchez,22,Centre-Back,Espanyol,"End of loanJun 30, 2008",out,Summer,0,Primera Division,2008,2008/2009
Racing Santander,Sergio Ortemán,29,Defensive Midfield,Boca Juniors,"End of loanJun 30, 2008",out,Summer,0,Primera Division,2008,2008/2009
Racing Santander,Pablo Álvarez,28,Right Winger,Dep. La Coruña,"End of loanJun 30, 2008",out,Summer,0,Primera Division,2008,2008/2009
Athletic Bilbao,Joseba del Olmo,27,Left Winger,SD Eibar,£270Th.,in,Summer,0.27,Primera Division,2008,2008/2009
Athletic Bilbao,Gaizka Toquero,23,Right Winger,Sestao River,?,in,Summer,NA,Primera Division,2008,2008/2009
Athletic Bilbao,Armando,37,Goalkeeper,Cádiz CF,?,in,Summer,NA,Primera Division,2008,2008/2009
Athletic Bilbao,Xabi Etxeita,20,Centre-Back,Bilbao Athletic,-,in,Summer,0,Primera Division,2008,2008/2009
Athletic Bilbao,Mikel Balenziaga,20,Left-Back,Bilbao Athletic,-,in,Summer,0,Primera Division,2008,2008/2009
Athletic Bilbao,Iñigo Vélez,26,Centre-Forward,Real Murcia,,in,Summer,NA,Primera Division,2008,2008/2009
Athletic Bilbao,Iñaki Lafuente,32,Goalkeeper,Espanyol,"End of loanJun 30, 2008",in,Summer,0,Primera Division,2008,2008/2009
Athletic Bilbao,Ion Vélez,23,Centre-Forward,Hércules CF,"End of loanJun 30, 2008",in,Summer,0,Primera Division,2008,2008/2009
Athletic Bilbao,Aritz Aduriz,27,Centre-Forward,RCD Mallorca,£5.40m,out,Summer,5.4,Primera Division,2008,2008/2009
Athletic Bilbao,Unai Expósito,28,Right-Back,Hércules CF,Free transfer,out,Summer,0,Primera Division,2008,2008/2009
Athletic Bilbao,Daniel Aranzubia,28,Goalkeeper,Dep. La Coruña,Free transfer,out,Summer,0,Primera Division,2008,2008/2009
Athletic Bilbao,David Cuéllar,28,Right Midfield,Real Murcia,Free transfer,out,Summer,0,Primera Division,2008,2008/2009
Athletic Bilbao,Iban Zubiaurre,25,Right-Back,Elche CF,Loan,out,Summer,0,Primera Division,2008,2008/2009
Athletic Bilbao,Luis Prieto,29,Centre-Back,Real Valladolid,?,out,Summer,NA,Primera Division,2008,2008/2009
Athletic Bilbao,Gaizka Toquero,23,Right Winger,SD Eibar,Loan,out,Summer,0,Primera Division,2008,2008/2009
Athletic Bilbao,Tiko,31,Central Midfield,SD Eibar,Loan,out,Summer,0,Primera Division,2008,2008/2009
Athletic Bilbao,Asier del Horno,27,Left-Back,Valencia,"End of loanJun 30, 2008",out,Summer,0,Primera Division,2008,2008/2009
Athletic Bilbao,Armando,37,Goalkeeper,Cádiz CF,"End of loanJun 30, 2008",out,Summer,0,Primera Division,2008,2008/2009
Real Madrid,Rafael van der Vaart,25,Attacking Midfield,Hamburger SV,£13.50m,in,Summer,13.5,Primera Division,2008,2008/2009
Real Madrid,Ezequiel Garay,21,Centre-Back,Racing,£9.00m,in,Summer,9,Primera Division,2008,2008/2009
Real Madrid,Rubén de la Red,23,Central Midfield,Getafe,£4.23m,in,Summer,4.23,Primera Division,2008,2008/2009
Real Madrid,Javi García,21,Defensive Midfield,CA Osasuna,£3.60m,in,Summer,3.6,Primera Division,2008,2008/2009
Real Madrid,Pablo García,31,Defensive Midfield,Real Murcia,"End of loanJun 30, 2008",in,Summer,0,Primera Division,2008,2008/2009
Real Madrid,Antonio Cassano,25,Second Striker,Sampdoria,"End of loanJun 30, 2008",in,Summer,0,Primera Division,2008,2008/2009
Real Madrid,Adrián González,20,Attacking Midfield,Gimnàstic,"End of loanJun 30, 2008",in,Summer,0,Primera Division,2008,2008/2009
Real Madrid,Esteban Granero,20,Central Midfield,Getafe,"End of loanJun 30, 2008",in,Summer,0,Primera Division,2008,2008/2009
Real Madrid,Robinho,24,Left Winger,Man City,£38.70m,out,Summer,38.7,Primera Division,2008,2008/2009
Real Madrid,Júlio Baptista,26,Attacking Midfield,AS Roma,£9.00m,out,Summer,9,Primera Division,2008,2008/2009
Real Madrid,Roberto Soldado,23,Centre-Forward,Getafe,£5.40m,out,Summer,5.4,Primera Division,2008,2008/2009
Real Madrid,Antonio Cassano,25,Second Striker,Sampdoria,£4.50m,out,Summer,4.5,Primera Division,2008,2008/2009
Real Madrid,Javier Balboa,23,Right Winger,Benfica,£3.60m,out,Summer,3.6,Primera Division,2008,2008/2009
Real Madrid,Esteban Granero,21,Central Midfield,Getafe,£2.70m,out,Summer,2.7,Primera Division,2008,2008/2009
Real Madrid,Pablo García,31,Defensive Midfield,PAOK Salonika,Free transfer,out,Summer,0,Primera Division,2008,2008/2009
Real Madrid,Ezequiel Garay,21,Centre-Back,Racing,Loan,out,Summer,0,Primera Division,2008,2008/2009
Real Madrid,Adrián González,20,Attacking Midfield,Getafe,?,out,Summer,NA,Primera Division,2008,2008/2009
Real Madrid,Tomás Mejías,19,Goalkeeper,Real Madrid C,-,out,Summer,0,Primera Division,2008,2008/2009
Sevilla FC,Abdoulay Konko,24,Right-Back,Genoa,£7.65m,in,Summer,7.65,Primera Division,2008,2008/2009
Sevilla FC,Romaric,25,Defensive Midfield,Le Mans UC 72,£7.65m,in,Summer,7.65,Primera Division,2008,2008/2009
Sevilla FC,Lautaro Acosta,20,Left Winger,Lanús,£6.30m,in,Summer,6.3,Primera Division,2008,2008/2009
Sevilla FC,Sébastien Squillaci,27,Centre-Back,Olympique Lyon,£5.85m,in,Summer,5.85,Primera Division,2008,2008/2009
Sevilla FC,Fernando Navarro,26,Left-Back,RCD Mallorca,£4.23m,in,Summer,4.23,Primera Division,2008,2008/2009
Sevilla FC,Aldo Duscher,29,Defensive Midfield,Racing,£2.25m,in,Summer,2.25,Primera Division,2008,2008/2009
Sevilla FC,David Prieto,25,Centre-Back,Sevilla Atl.,-,in,Summer,0,Primera Division,2008,2008/2009
Sevilla FC,Javi Varas,25,Goalkeeper,Sevilla Atl.,-,in,Summer,0,Primera Division,2008,2008/2009
Sevilla FC,Juan Cala,18,Centre-Back,Sevilla Atl.,-,in,Summer,0,Primera Division,2008,2008/2009
Sevilla FC,David Cobeño,26,Goalkeeper,UD Almería,"End of loanJun 30, 2008",in,Summer,0,Primera Division,2008,2008/2009
Sevilla FC,Josep Lluís Martí,33,Defensive Midfield,Real Sociedad,"End of loanJun 30, 2008",in,Summer,0,Primera Division,2008,2008/2009
Sevilla FC,Jesuli,30,Attacking Midfield,CD Tenerife,"End of loanJun 30, 2008",in,Summer,0,Primera Division,2008,2008/2009
Sevilla FC,Dani Alves,25,Right-Back,FC Barcelona,£31.95m,out,Summer,31.95,Primera Division,2008,2008/2009
Sevilla FC,Seydou Keita,28,Central Midfield,FC Barcelona,£12.60m,out,Summer,12.6,Primera Division,2008,2008/2009
Sevilla FC,Christian Poulsen,28,Defensive Midfield,Juventus,£8.78m,out,Summer,8.78,Primera Division,2008,2008/2009
Sevilla FC,Morgan De Sanctis,31,Goalkeeper,Galatasaray,Loan fee:£450Th.,out,Summer,0.45,Primera Division,2008,2008/2009
Sevilla FC,Josep Lluís Martí,33,Defensive Midfield,RCD Mallorca,£450Th.,out,Summer,0.45,Primera Division,2008,2008/2009
Sevilla FC,Lolo,23,Defensive Midfield,Málaga CF,Loan,out,Summer,0,Primera Division,2008,2008/2009
Sevilla FC,David Cobeño,26,Goalkeeper,Rayo Vallecano,Free transfer,out,Summer,0,Primera Division,2008,2008/2009
Sevilla FC,Duda,28,Left Midfield,Málaga CF,Loan,out,Summer,0,Primera Division,2008,2008/2009
Sevilla FC,Alejandro Alfaro,21,Left Winger,CD Tenerife,Loan,out,Summer,0,Primera Division,2008,2008/2009
Sevilla FC,Dani Salas,20,Right-Back,Sevilla Atl.,-,out,Summer,0,Primera Division,2008,2008/2009
Sevilla FC,Jesuli,30,Attacking Midfield,Retired,-,out,Summer,0,Primera Division,2008,2008/2009
Sevilla FC,Javi Navarro,35,Centre-Back,Retired,-,out,Summer,0,Primera Division,2008,2008/2009
Sevilla FC,Khalid Boulahrouz,26,Centre-Back,Chelsea,"End of loanJun 30, 2008",out,Summer,0,Primera Division,2008,2008/2009
Real Valladolid CF,Jacobo Sanz,24,Goalkeeper,CD Numancia,£450Th.,in,Summer,0.45,Primera Division,2008,2008/2009
Real Valladolid CF,Haris Medunjanin,23,Central Midfield,AZ Alkmaar,£405Th.,in,Summer,0.405,Primera Division,2008,2008/2009
Real Valladolid CF,Pedro León,21,Right Winger,Levante,£270Th.,in,Summer,0.27,Primera Division,2008,2008/2009
Real Valladolid CF,Justo Villar,31,Goalkeeper,Newell's,Free transfer,in,Summer,0,Primera Division,2008,2008/2009
Real Valladolid CF,Damián Escudero,21,Attacking Midfield,Villarreal,Loan,in,Summer,0,Primera Division,2008,2008/2009
Real Valladolid CF,Nano,28,Centre-Back,Real Betis,Loan,in,Summer,0,Primera Division,2008,2008/2009
Real Valladolid CF,Luis Prieto,29,Centre-Back,Athletic,?,in,Summer,NA,Primera Division,2008,2008/2009
Real Valladolid CF,Henok Goitom,23,Centre-Forward,Real Murcia,Loan,in,Summer,0,Primera Division,2008,2008/2009
Real Valladolid CF,Fabián Canobbio,28,Attacking Midfield,Celta de Vigo,?,in,Summer,NA,Primera Division,2008,2008/2009
Real Valladolid CF,Asier Arranz,21,Central Midfield,Alavés,"End of loanJun 30, 2008",in,Summer,0,Primera Division,2008,2008/2009
Real Valladolid CF,Kike López,20,Right-Back,Poli Ejido,"End of loanJun 30, 2008",in,Summer,0,Primera Division,2008,2008/2009
Real Valladolid CF,Álvaro Antón,24,Attacking Midfield,Racing Ferrol,"End of loanJun 30, 2008",in,Summer,0,Primera Division,2008,2008/2009
Real Valladolid CF,Joseba Llorente,28,Centre-Forward,Villarreal,£4.95m,out,Summer,4.95,Primera Division,2008,2008/2009
Real Valladolid CF,Daniel Komé,28,Right Winger,CD Tenerife,Free transfer,out,Summer,0,Primera Division,2008,2008/2009
Real Valladolid CF,Daniel Cifuentes,28,Right-Back,Cádiz CF,Free transfer,out,Summer,0,Primera Division,2008,2008/2009
Real Valladolid CF,Jacobo Sanz,24,Goalkeeper,Getafe,Loan,out,Summer,0,Primera Division,2008,2008/2009
Real Valladolid CF,Vladimir Manchev,30,Centre-Forward,CSKA Sofia,Free transfer,out,Summer,0,Primera Division,2008,2008/2009
Real Valladolid CF,José Luis Capdevila,27,Left Winger,Real Murcia,Free transfer,out,Summer,0,Primera Division,2008,2008/2009
Real Valladolid CF,Rafa López,23,Centre-Back,Getafe,?,out,Summer,NA,Primera Division,2008,2008/2009
Real Valladolid CF,Asier Arranz,21,Central Midfield,Xerez CD,Loan,out,Summer,0,Primera Division,2008,2008/2009
Real Valladolid CF,Álvaro Antón,24,Attacking Midfield,CD Numancia,Loan,out,Summer,0,Primera Division,2008,2008/2009
Real Valladolid CF,Alexis,34,Centre-Back,Retired,-,out,Summer,0,Primera Division,2008,2008/2009
Real Valladolid CF,Ludovic Butelle,25,Goalkeeper,Valencia,"End of loanJun 30, 2008",out,Summer,0,Primera Division,2008,2008/2009
Real Valladolid CF,Sisinio,22,Attacking Midfield,Valencia,"End of loanJun 30, 2008",out,Summer,0,Primera Division,2008,2008/2009
Real Valladolid CF,Diego Camacho,31,Defensive Midfield,Levante,"End of loanJun 30, 2008",out,Summer,0,Primera Division,2008,2008/2009
CA Osasuna,Masoud Shojaei,24,Attacking Midfield,Sharjah FC,£3.15m,in,Summer,3.15,Primera Division,2008,2008/2009
CA Osasuna,Krisztián Vadócz,23,Central Midfield,NEC Nijmegen,£855Th.,in,Summer,0.855,Primera Division,2008,2008/2009
CA Osasuna,Rovérsio,24,Centre-Back,Paços Ferreira,£540Th.,in,Summer,0.54,Primera Division,2008,2008/2009
CA Osasuna,Roberto Fernández,29,Goalkeeper,Sporting Gijón,Free transfer,in,Summer,0,Primera Division,2008,2008/2009
CA Osasuna,Sunny,19,Defensive Midfield,Valencia,Loan,in,Summer,0,Primera Division,2008,2008/2009
CA Osasuna,Santiago Ezquerro,31,Centre-Forward,FC Barcelona,Free transfer,in,Summer,0,Primera Division,2008,2008/2009
CA Osasuna,Tiago Gomes,21,Left-Back,Benfica,Free transfer,in,Summer,0,Primera Division,2008,2008/2009
CA Osasuna,Ênio,23,Centre-Back,Remo,?,in,Summer,NA,Primera Division,2008,2008/2009
CA Osasuna,Nicolás Medina,21,Centre-Forward,SD Eibar,"End of loanJun 30, 2008",in,Summer,0,Primera Division,2008,2008/2009
CA Osasuna,Fran Moreno,24,Attacking Midfield,Albacete,"End of loanJun 30, 2008",in,Summer,0,Primera Division,2008,2008/2009
CA Osasuna,Jon Erice,21,Central Midfield,Málaga CF,"End of loanJun 30, 2008",in,Summer,0,Primera Division,2008,2008/2009
CA Osasuna,Javi García,21,Defensive Midfield,Real Madrid,£3.60m,out,Summer,3.6,Primera Division,2008,2008/2009
CA Osasuna,Enrique Corrales,26,Left-Back,RCD Mallorca,£675Th.,out,Summer,0.675,Primera Division,2008,2008/2009
CA Osasuna,Igotz Garde,26,Centre-Back,Granada CF,Free transfer,out,Summer,0,Primera Division,2008,2008/2009
CA Osasuna,Juantxo Elía,29,Goalkeeper,Real Murcia,Free transfer,out,Summer,0,Primera Division,2008,2008/2009
CA Osasuna,José Izquierdo,27,Right-Back,Gimnàstic,Free transfer,out,Summer,0,Primera Division,2008,2008/2009
CA Osasuna,Jon Erice,21,Central Midfield,SD Huesca,Loan,out,Summer,0,Primera Division,2008,2008/2009
CA Osasuna,Fran Moreno,24,Attacking Midfield,CD Linares,?,out,Summer,NA,Primera Division,2008,2008/2009
CA Osasuna,Nicolás Medina,21,Centre-Forward,SD Huesca,Loan,out,Summer,0,Primera Division,2008,2008/2009
CA Osasuna,Hugo Viana,25,Central Midfield,Valencia,"End of loanJun 30, 2008",out,Summer,0,Primera Division,2008,2008/2009
CA Osasuna,Carlos Vela,19,Right Winger,Arsenal,"End of loanJun 30, 2008",out,Summer,0,Primera Division,2008,2008/2009
CA Osasuna,Martín Astudillo,30,Central Midfield,Alavés,"End of loanJun 30, 2008",out,Summer,0,Primera Division,2008,2008/2009
RCD Mallorca,Aritz Aduriz,27,Centre-Forward,Athletic,£5.40m,in,Summer,5.4,Primera Division,2008,2008/2009
RCD Mallorca,Juanmi Callejón,21,Left Winger,RM Castilla,£900Th.,in,Summer,0.9,Primera Division,2008,2008/2009
RCD Mallorca,Mario Suárez,21,Defensive Midfield,Atlético Madrid,£720Th.,in,Summer,0.72,Primera Division,2008,2008/2009
RCD Mallorca,Enrique Corrales,26,Left-Back,CA Osasuna,£675Th.,in,Summer,0.675,Primera Division,2008,2008/2009
RCD Mallorca,Josep Lluís Martí,33,Defensive Midfield,Sevilla FC,£450Th.,in,Summer,0.45,Primera Division,2008,2008/2009
RCD Mallorca,Javi Guerra,26,Centre-Forward,Granada 74 CF,£162Th.,in,Summer,0.162,Primera Division,2008,2008/2009
RCD Mallorca,Josemi,28,Centre-Back,Villarreal,Free transfer,in,Summer,0,Primera Division,2008,2008/2009
RCD Mallorca,Alhassane Keita,25,Centre-Forward,Ittihad,Free transfer,in,Summer,0,Primera Division,2008,2008/2009
RCD Mallorca,Ayoze Díaz,26,Left-Back,Racing,Free transfer,in,Summer,0,Primera Division,2008,2008/2009
RCD Mallorca,Óscar Díaz,24,Centre-Forward,Elche CF,Free transfer,in,Summer,0,Primera Division,2008,2008/2009
RCD Mallorca,José Manuel Jurado,22,Attacking Midfield,Atlético Madrid,Loan,in,Summer,0,Primera Division,2008,2008/2009
RCD Mallorca,Cléber Santana,27,Central Midfield,Atlético Madrid,Loan,in,Summer,0,Primera Division,2008,2008/2009
RCD Mallorca,Martí Crespí,21,Centre-Back,RCD Mallorca B,-,in,Summer,0,Primera Division,2008,2008/2009
RCD Mallorca,Jordi López,27,Central Midfield,Racing,"End of loanJun 30, 2008",in,Summer,0,Primera Division,2008,2008/2009
RCD Mallorca,Víctor Casadesús,23,Centre-Forward,Real Sociedad,"End of loanJun 30, 2008",in,Summer,0,Primera Division,2008,2008/2009
RCD Mallorca,Andrija Delibasic,27,Centre-Forward,Real Sociedad,"End of loanJun 30, 2008",in,Summer,0,Primera Division,2008,2008/2009
RCD Mallorca,Dani Benítez,21,Left Winger,Pontevedra,"End of loanJun 30, 2008",in,Summer,0,Primera Division,2008,2008/2009
RCD Mallorca,Dani Güiza,27,Centre-Forward,Fenerbahce,£12.60m,out,Summer,12.6,Primera Division,2008,2008/2009
RCD Mallorca,Borja Valero,23,Central Midfield,West Brom,£5.31m,out,Summer,5.31,Primera Division,2008,2008/2009
RCD Mallorca,Jonás Gutiérrez,24,Central Midfield,Newcastle,£5.22m,out,Summer,5.22,Primera Division,2008,2008/2009
RCD Mallorca,Fernando Navarro,26,Left-Back,Sevilla FC,£4.23m,out,Summer,4.23,Primera Division,2008,2008/2009
RCD Mallorca,Ariel Ibagaza,31,Attacking Midfield,Villarreal,£1.80m,out,Summer,1.8,Primera Division,2008,2008/2009
RCD Mallorca,Angelos Basinas,32,Defensive Midfield,AEK Athens,Free transfer,out,Summer,0,Primera Division,2008,2008/2009
RCD Mallorca,Tuni,26,Right Winger,Hércules CF,Loan,out,Summer,0,Primera Division,2008,2008/2009
RCD Mallorca,Javi Guerra,26,Centre-Forward,Alavés,Loan,out,Summer,0,Primera Division,2008,2008/2009
RCD Mallorca,Andrija Delibasic,27,Centre-Forward,Hércules CF,Free transfer,out,Summer,0,Primera Division,2008,2008/2009
RCD Mallorca,Sergio Ballesteros,32,Centre-Back,Levante,Free transfer,out,Summer,0,Primera Division,2008,2008/2009
RCD Mallorca,Francisco Molinero,22,Right-Back,Levante,Free transfer,out,Summer,0,Primera Division,2008,2008/2009
RCD Mallorca,Martí Crespí,21,Centre-Back,Xerez CD,Loan,out,Summer,0,Primera Division,2008,2008/2009
RCD Mallorca,Víctor Casadesús,23,Centre-Forward,Gimnàstic,Loan,out,Summer,0,Primera Division,2008,2008/2009
RCD Mallorca,Óscar Díaz,24,Centre-Forward,Celta de Vigo,Loan,out,Summer,0,Primera Division,2008,2008/2009
RCD Mallorca,Emilio Nsue,18,Right-Back,CD Castellón,Loan,out,Summer,0,Primera Division,2008,2008/2009
RCD Mallorca,Dani Benítez,21,Left Winger,Elche CF,Loan,out,Summer,0,Primera Division,2008,2008/2009
RCD Mallorca,Javier Dorado,31,Left-Back,Without Club,-,out,Summer,0,Primera Division,2008,2008/2009
RCD Mallorca,Héctor Berenguel,33,Right-Back,Retired,-,out,Summer,0,Primera Division,2008,2008/2009
Real Betis Balompié,Sergio García,25,Centre-Forward,Real Zaragoza,£9.00m,in,Summer,9,Primera Division,2008,2008/2009
Real Betis Balompié,Achille Emaná,26,Attacking Midfield,Toulouse,£6.30m,in,Summer,6.3,Primera Division,2008,2008/2009
Real Betis Balompié,Nélson,25,Right-Back,Benfica,£5.40m,in,Summer,5.4,Primera Division,2008,2008/2009
Real Betis Balompié,Juanma,27,Right Winger,Levante,£1.35m,in,Summer,1.35,Primera Division,2008,2008/2009
Real Betis Balompié,Fabián Monzón,21,Left-Back,Boca Juniors,Loan fee:£630Th.,in,Summer,0.63,Primera Division,2008,2008/2009
Real Betis Balompié,Mehmet Aurélio,30,Defensive Midfield,Fenerbahce,Free transfer,in,Summer,0,Primera Division,2008,2008/2009
Real Betis Balompié,José Alberto Cañas,21,Defensive Midfield,Betis B,-,in,Summer,0,Primera Division,2008,2008/2009
Real Betis Balompié,Óscar López,28,Right-Back,Gimnàstic,"End of loanJun 30, 2008",in,Summer,0,Primera Division,2008,2008/2009
Real Betis Balompié,Francisco Maldonado,26,Attacking Midfield,Gimnàstic,"End of loanJun 1, 2008",in,Summer,0,Primera Division,2008,2008/2009
Real Betis Balompié,Dani,26,Centre-Forward,Cádiz CF,"End of loanJun 1, 2008",in,Summer,0,Primera Division,2008,2008/2009
Real Betis Balompié,Juanlu,28,Left Midfield,Córdoba CF,"End of loanJun 30, 2008",in,Summer,0,Primera Division,2008,2008/2009
Real Betis Balompié,Pedro Contreras,36,Goalkeeper,Cádiz CF,"End of loanJun 30, 2008",in,Summer,0,Primera Division,2008,2008/2009
Real Betis Balompié,Miguel Ángel,29,Defensive Midfield,Levante,"End of loanJun 30, 2008",in,Summer,0,Primera Division,2008,2008/2009
Real Betis Balompié,Rafael Sóbis,23,Centre-Forward,Al-Jazira,£9.45m,out,Summer,9.45,Primera Division,2008,2008/2009
Real Betis Balompié,Juan Pablo Caffa,23,Left Midfield,Real Zaragoza,Loan fee:£540Th.,out,Summer,0.54,Primera Division,2008,2008/2009
Real Betis Balompié,Dani,26,Centre-Forward,Elche CF,Loan fee:£180Th.,out,Summer,0.18,Primera Division,2008,2008/2009
Real Betis Balompié,Francisco Maldonado,27,Attacking Midfield,Sporting Gijón,£90Th.,out,Summer,0.09,Primera Division,2008,2008/2009
Real Betis Balompié,Miguel Ángel,29,Defensive Midfield,Málaga CF,£90Th.,out,Summer,0.09,Primera Division,2008,2008/2009
Real Betis Balompié,Fernando,29,Attacking Midfield,Málaga CF,Free transfer,out,Summer,0,Primera Division,2008,2008/2009
Real Betis Balompié,Toni Doblas,27,Goalkeeper,Real Zaragoza,Free transfer,out,Summer,0,Primera Division,2008,2008/2009
Real Betis Balompié,Juanlu,28,Left Midfield,Levante,Free transfer,out,Summer,0,Primera Division,2008,2008/2009
Real Betis Balompié,Nano,28,Centre-Back,Real Valladolid,Loan,out,Summer,0,Primera Division,2008,2008/2009
Real Betis Balompié,Pedro Contreras,36,Goalkeeper,Retired,-,out,Summer,0,Primera Division,2008,2008/2009
Real Betis Balompié,Leandro Somoza,27,Defensive Midfield,Villarreal,"End of loanJun 30, 2008",out,Summer,0,Primera Division,2008,2008/2009
FC Barcelona,Dani Alves,25,Right-Back,Sevilla FC,£31.95m,in,Summer,31.95,Primera Division,2008,2008/2009
FC Barcelona,Aleksandr Hleb,27,Attacking Midfield,Arsenal,£15.30m,in,Summer,15.3,Primera Division,2008,2008/2009
FC Barcelona,Martín Cáceres,21,Centre-Back,Villarreal,£14.85m,in,Summer,14.85,Primera Division,2008,2008/2009
FC Barcelona,Seydou Keita,28,Central Midfield,Sevilla FC,£12.60m,in,Summer,12.6,Primera Division,2008,2008/2009
FC Barcelona,Henrique,21,Centre-Back,Desp. Brasil,£7.20m,in,Summer,7.2,Primera Division,2008,2008/2009
FC Barcelona,Gerard Piqué,21,Centre-Back,Man Utd,£4.50m,in,Summer,4.5,Primera Division,2008,2008/2009
FC Barcelona,José Manuel Pinto,32,Goalkeeper,Celta de Vigo,Free transfer,in,Summer,0,Primera Division,2008,2008/2009
FC Barcelona,Sergio Busquets,20,Defensive Midfield,FC Barcelona B,-,in,Summer,0,Primera Division,2008,2008/2009
FC Barcelona,Marc Crosas,20,Defensive Midfield,Olympique Lyon,"End of loanJun 30, 2008",in,Summer,0,Primera Division,2008,2008/2009
FC Barcelona,Ronaldinho,28,Attacking Midfield,AC Milan,£21.74m,out,Summer,21.74,Primera Division,2008,2008/2009
FC Barcelona,Gianluca Zambrotta,31,Right-Back,AC Milan,£9.45m,out,Summer,9.45,Primera Division,2008,2008/2009
FC Barcelona,Deco,30,Attacking Midfield,Chelsea,£9.00m,out,Summer,9,Primera Division,2008,2008/2009
FC Barcelona,Giovani dos Santos,19,Second Striker,Spurs,£5.40m,out,Summer,5.4,Primera Division,2008,2008/2009
FC Barcelona,Oleguer,28,Centre-Back,Ajax,£2.70m,out,Summer,2.7,Primera Division,2008,2008/2009
FC Barcelona,Marc Crosas,20,Defensive Midfield,Celtic,£486Th.,out,Summer,0.486,Primera Division,2008,2008/2009
FC Barcelona,Henrique,21,Centre-Back,Bay. Leverkusen,Loan fee:£360Th.,out,Summer,0.36,Primera Division,2008,2008/2009
FC Barcelona,Santiago Ezquerro,31,Centre-Forward,CA Osasuna,Free transfer,out,Summer,0,Primera Division,2008,2008/2009
FC Barcelona,Edmílson,31,Defensive Midfield,Villarreal,Free transfer,out,Summer,0,Primera Division,2008,2008/2009
FC Barcelona,Oier Olazábal,18,Goalkeeper,FC Barcelona B,-,out,Summer,0,Primera Division,2008,2008/2009
FC Barcelona,Lilian Thuram,36,Centre-Back,Retired,-,out,Summer,0,Primera Division,2008,2008/2009
FC Barcelona,José Manuel Pinto,32,Goalkeeper,Celta de Vigo,"End of loanJun 30, 2008",out,Summer,0,Primera Division,2008,2008/2009
RCD Espanyol Barcelona,Iván Alonso,29,Centre-Forward,Real Murcia,£2.25m,in,Winter,2.25,Primera Division,2008,2008/2009
RCD Espanyol Barcelona,Eduardo Costa,26,Defensive Midfield,São Paulo,Free transfer,out,Winter,0,Primera Division,2008,2008/2009
RCD Espanyol Barcelona,Julián López,21,Attacking Midfield,Panthrakikos,Loan,out,Winter,0,Primera Division,2008,2008/2009
RCD Espanyol Barcelona,Jonathan Soriano,23,Centre-Forward,Albacete,Free transfer,out,Winter,0,Primera Division,2008,2008/2009
Getafe CF,Vladimir Stojkovic,25,Goalkeeper,Sporting CP,Loan,in,Winter,0,Primera Division,2008,2008/2009
Getafe CF,Roberto Abbondanzieri,36,Goalkeeper,Boca Juniors,£270Th.,out,Winter,0.27,Primera Division,2008,2008/2009
Getafe CF,David Sousa,28,Attacking Midfield,Rayo Vallecano,Loan,out,Winter,0,Primera Division,2008,2008/2009
UD Almería,Natalio,24,Right Winger,Córdoba CF,Loan,out,Winter,0,Primera Division,2008,2008/2009
Recreativo Huelva,Cristian Maidana,21,Left Midfield,Spartak Moscow,Loan fee:£270Th.,in,Winter,0.27,Primera Division,2008,2008/2009
Recreativo Huelva,Alain Nef,26,Centre-Back,Udinese,Loan,in,Winter,0,Primera Division,2008,2008/2009
Recreativo Huelva,Joselito,24,Attacking Midfield,Without Club,-,out,Winter,0,Primera Division,2008,2008/2009
Sporting Gijón,Iñaki Lafuente,32,Goalkeeper,Athletic,Loan,in,Winter,0,Primera Division,2008,2008/2009
Sporting Gijón,Pablo de Lucas,22,Defensive Midfield,Alavés,Free transfer,out,Winter,0,Primera Division,2008,2008/2009
Sporting Gijón,Omar Sampedro,23,Right Winger,CD Castellón,Free transfer,out,Winter,0,Primera Division,2008,2008/2009
CD Numancia,Raúl Bravo,27,Centre-Back,Olympiacos,Loan,in,Winter,0,Primera Division,2008,2008/2009
CD Numancia,Marian Kelemen,29,Goalkeeper,Aris Saloniki,Free transfer,in,Winter,0,Primera Division,2008,2008/2009
CD Numancia,Lago Júnior,18,Left Winger,Issia Wazi FC,?,in,Winter,NA,Primera Division,2008,2008/2009
CD Numancia,Toché,26,Centre-Forward,Albacete,Free transfer,out,Winter,0,Primera Division,2008,2008/2009
CD Numancia,Roberto Platero,22,Centre-Forward,Ponferradina,Loan,out,Winter,0,Primera Division,2008,2008/2009
Málaga CF,Adriano,26,Centre-Forward,Internacional,Loan,in,Winter,0,Primera Division,2008,2008/2009
Málaga CF,Iván Rosado,34,Centre-Forward,Retired,-,out,Winter,0,Primera Division,2008,2008/2009
Villarreal CF,Jordi Pablo,19,Right Midfield,Villarreal CF B,-,in,Winter,0,Primera Division,2008,2008/2009
Villarreal CF,Joan Tomás,23,Attacking Midfield,Villarreal CF B,-,in,Winter,0,Primera Division,2008,2008/2009
Villarreal CF,Edmílson,32,Defensive Midfield,Palmeiras,Free transfer,out,Winter,0,Primera Division,2008,2008/2009
Villarreal CF,Jozy Altidore,19,Centre-Forward,Xerez CD,Loan,out,Winter,0,Primera Division,2008,2008/2009
Valencia CF,Thiago Carleto,19,Left-Back,Santos FC,£540Th.,in,Winter,0.54,Primera Division,2008,2008/2009
Valencia CF,César Sánchez,37,Goalkeeper,Spurs,Free transfer,in,Winter,0,Primera Division,2008,2008/2009
Valencia CF,Míchel,20,Central Midfield,Valencia B,-,in,Winter,0,Primera Division,2008,2008/2009
Valencia CF,Vicente Guaita,21,Goalkeeper,Valencia B,-,in,Winter,0,Primera Division,2008,2008/2009
Valencia CF,Nikola Zigic,28,Centre-Forward,Racing,Loan fee:£450Th.,out,Winter,0.45,Primera Division,2008,2008/2009
Valencia CF,Timo Hildebrand,29,Goalkeeper,TSG Hoffenheim,Free transfer,out,Winter,0,Primera Division,2008,2008/2009
Valencia CF,Iván Helguera,33,Centre-Back,Retired,-,out,Winter,0,Primera Division,2008,2008/2009
Deportivo de La Coruña,Lassad Nouioui,22,Centre-Forward,Deportivo B,-,in,Winter,0,Primera Division,2008,2008/2009
Deportivo de La Coruña,Rodri,24,Centre-Back,Marítimo,"End of loanDec 1, 2008",in,Winter,0,Primera Division,2008,2008/2009
Deportivo de La Coruña,Dudu Aouate,31,Goalkeeper,RCD Mallorca,£900Th.,out,Winter,0.9,Primera Division,2008,2008/2009
Deportivo de La Coruña,Omar Bravo,28,Centre-Forward,Tigres UANL,Loan fee:£450Th.,out,Winter,0.45,Primera Division,2008,2008/2009
Deportivo de La Coruña,Rodri,24,Centre-Back,UD Salamanca,Loan,out,Winter,0,Primera Division,2008,2008/2009
Deportivo de La Coruña,Sebastián Taborda,27,Centre-Forward,Hércules CF,Loan,out,Winter,0,Primera Division,2008,2008/2009
Deportivo de La Coruña,Fabri,21,Goalkeeper,Deportivo B,-,out,Winter,0,Primera Division,2008,2008/2009
Deportivo de La Coruña,Antonio Barragán,21,Right-Back,Without Club,-,out,Winter,0,Primera Division,2008,2008/2009
Racing Santander,Toni Moral,27,Left Winger,Alavés,£585Th.,in,Winter,0.585,Primera Division,2008,2008/2009
Racing Santander,Nikola Zigic,28,Centre-Forward,Valencia,Loan fee:£450Th.,in,Winter,0.45,Primera Division,2008,2008/2009
Racing Santander,César Navas,29,Centre-Back,Rubin Kazan,£1.80m,out,Winter,1.8,Primera Division,2008,2008/2009
Racing Santander,Juanjo Expósito,23,Centre-Forward,Alavés,Loan,out,Winter,0,Primera Division,2008,2008/2009
Racing Santander,Damián Ísmodes,19,Attacking Midfield,SD Eibar,Loan,out,Winter,0,Primera Division,2008,2008/2009
Athletic Bilbao,Ander Iturraspe,19,Defensive Midfield,Bilbao Athletic,-,in,Winter,0,Primera Division,2008,2008/2009
Athletic Bilbao,Gaizka Toquero,24,Right Winger,SD Eibar,"End of loanDec 31, 2008",in,Winter,0,Primera Division,2008,2008/2009
Athletic Bilbao,Javi Casas,26,Left-Back,Córdoba CF,Loan,out,Winter,0,Primera Division,2008,2008/2009
Athletic Bilbao,Iñaki Lafuente,32,Goalkeeper,Sporting Gijón,Loan,out,Winter,0,Primera Division,2008,2008/2009
Real Madrid,Klaas-Jan Huntelaar,25,Centre-Forward,Ajax,£24.30m,in,Winter,24.3,Primera Division,2008,2008/2009
Real Madrid,Lassana Diarra,23,Defensive Midfield,Portsmouth,£18.00m,in,Winter,18,Primera Division,2008,2008/2009
Real Madrid,Julien Faubert,25,Right-Back,West Ham,Loan fee:£1.35m,in,Winter,1.35,Primera Division,2008,2008/2009
Real Madrid,Dani Parejo,19,Central Midfield,RM Castilla,-,in,Winter,0,Primera Division,2008,2008/2009
Real Madrid,Rubén de la Red,23,Central Midfield,Career break,-,out,Winter,0,Primera Division,2008,2008/2009
Sevilla FC,Diego Perotti,20,Left Winger,Sevilla Atl.,-,in,Winter,0,Primera Division,2008,2008/2009
Sevilla FC,Fernando Rodríguez,21,Centre-Forward,Sevilla Atl.,-,in,Winter,0,Primera Division,2008,2008/2009
Sevilla FC,Emiliano Armenteros,22,Left Winger,Sevilla Atl.,-,in,Winter,0,Primera Division,2008,2008/2009
Sevilla FC,Tom De Mul,22,Right Midfield,KRC Genk,Loan fee:£270Th.,out,Winter,0.27,Primera Division,2008,2008/2009
Sevilla FC,Fernando Rodríguez,21,Centre-Forward,Ontinyent CF,Loan,out,Winter,0,Primera Division,2008,2008/2009
Real Valladolid CF,Pedro Oldoni,23,Centre-Forward,Atlético-PR,Loan,in,Winter,0,Primera Division,2008,2008/2009
Real Valladolid CF,Vladimir Manchev,30,Centre-Forward,CSKA Sofia,Free transfer,out,Winter,0,Primera Division,2008,2008/2009
Real Valladolid CF,Daniel Cifuentes,28,Right-Back,Cádiz CF,Free transfer,out,Winter,0,Primera Division,2008,2008/2009
Real Valladolid CF,Alexis,34,Centre-Back,Retired,-,out,Winter,0,Primera Division,2008,2008/2009
CA Osasuna,Sergio,31,Centre-Back,Real Zaragoza,Free transfer,in,Winter,0,Primera Division,2008,2008/2009
CA Osasuna,Antonio Hidalgo,29,Central Midfield,Real Zaragoza,Loan,in,Winter,0,Primera Division,2008,2008/2009
CA Osasuna,Jon Erice,22,Central Midfield,SD Huesca,"End of loanDec 1, 2008",in,Winter,0,Primera Division,2008,2008/2009
CA Osasuna,Jokin Esparza,20,Left Winger,SD Huesca,Loan,out,Winter,0,Primera Division,2008,2008/2009
CA Osasuna,Xavier Margairaz,24,Attacking Midfield,FC Zürich,Loan,out,Winter,0,Primera Division,2008,2008/2009
CA Osasuna,Jon Erice,22,Central Midfield,Cádiz CF,Loan,out,Winter,0,Primera Division,2008,2008/2009
RCD Mallorca,Dudu Aouate,31,Goalkeeper,Dep. La Coruña,£900Th.,in,Winter,0.9,Primera Division,2008,2008/2009
RCD Mallorca,Jordi López,27,Central Midfield,Without Club,-,out,Winter,0,Primera Division,2008,2008/2009
Real Betis Balompié,Ricardo Oliveira,28,Centre-Forward,Real Zaragoza,£8.10m,in,Winter,8.1,Primera Division,2008,2008/2009
Real Betis Balompié,José Mari,30,Centre-Forward,Gimnàstic,Free transfer,out,Winter,0,Primera Division,2008,2008/2009
Real Betis Balompié,Marko Babic,27,Left Midfield,Hertha BSC,Free transfer,out,Winter,0,Primera Division,2008,2008/2009
